number,sample,locality,PC1,PC2,PC3,PC4,PC5,PC6,PC7,PC8,PC9,PC10,PC11,PC12,PC13,PC14,PC15,PC16,PC17,PC18,PC19,PC20,PC21,PC22,PC23,PC24,PC25,PC26,PC27,PC28,PC29,PC30,PC31,PC32,PC33,PC34,PC35,PC36,PC37,PC38,PC39,PC40,PC41,PC42,PC43,PC44,PC45,PC46,PC47,PC48,PC49,PC50,PC51,PC52,PC53,PC54,PC55,PC56,PC57,PC58,PC59,PC60,PC61,PC62,PC63,PC64,PC65,PC66,PC67,PC68,PC69,PC70,PC71,PC72,PC73,PC74,PC75,PC76,PC77,PC78,PC79,PC80,PC81,PC82,PC83,PC84
1,90711,Atanasia,-78.10017171,-21.71214731,12.41134271,-21.86882671,3.245554648,4.664586838,-1.177791158,1.459587863,-1.178910136,4.359988591,-1.159132846,1.45679334,-0.39581927,1.853526718,4.608952001,-6.003954827,2.609841527,1.27625032,1.590480238,-3.667455458,1.065927951,4.300162657,-0.493017627,-0.824523951,-0.300705213,-0.718641279,-1.504096649,-1.432395736,-2.535437434,4.537816421,0.087511093,2.70192207,2.210918059,-0.773333937,-1.1393681,-3.396752272,-0.848394775,-2.106722032,5.361942922,2.513786469,9.472272646,-4.477566086,-6.90065658,-12.9352148,6.353725306,2.99059654,-4.430229641,-4.203210659,1.331196652,-4.134313688,6.656138841,-0.806760301,-1.856302646,6.687757643,-7.127656153,-3.886108349,-6.344759618,6.584115663,11.18762704,0.510247605,-12.8486414,3.637568311,2.375003028,2.902906233,1.930560999,-0.217437771,-0.331517298,-0.545653605,-1.928591633,-1.329990522,4.000628193,4.204243453,2.167476178,-3.98096759,-0.771655735,0.83412278,0.405983662,0.450842144,-0.877458348,2.220984292,-1.427529341,25.83898172,-4.660723851,-5.61E-13
2,90712,Atanasia,-75.15237117,-22.92478321,11.27898071,-21.50758219,3.064348861,4.468501988,-1.516701229,1.562326212,-1.34510503,4.898590276,-0.683746071,1.542848273,-0.500422157,1.917000459,4.898393983,-5.484657684,1.524753897,1.437328616,1.861871229,-3.92399179,0.863901542,3.686225748,-1.048352434,-1.589342529,-0.012491272,-0.210955923,-1.716651247,-1.501225508,-2.458957623,5.04330083,0.436719188,1.720623555,1.416863325,-0.59068049,-1.200015338,-3.916877754,-0.49581821,-2.515177229,5.503044078,2.190331211,10.24747187,-4.698599524,-6.59264736,-12.9294497,6.883043902,2.191774541,-5.216945825,-5.026129769,1.216655896,-4.361928178,5.686351464,0.523960913,-3.462343511,5.671849813,-5.022262706,-2.980087754,-4.613913142,5.523821371,11.71048629,0.306045308,-12.83639368,3.236238969,3.804696759,1.091882365,1.555521797,0.459425598,-0.254183348,-0.648845432,-5.792363592,-2.090309924,4.121436786,6.865921173,0.00329811,-2.24655121,0.757651757,-1.471471577,0.427319914,-0.389272586,-0.314247217,0.387916851,-1.715124004,-25.81769736,5.446886099,4.14E-12
3,90732,Atanasia,-75.12246869,-20.96428909,11.25838947,-18.41602491,2.573417711,4.027634673,-0.966624646,1.225761774,-0.069458484,2.772944885,-0.554237476,2.402551271,-0.93008118,-1.018962545,3.840747049,-5.134014035,1.504439998,1.493351199,1.698731793,-2.05466515,1.250417168,0.966995961,-0.234805585,-0.361844531,-0.408808315,-0.592831402,-1.512321975,-2.3652537,-2.770287135,1.92538131,0.621159599,0.071475527,1.097630395,0.459935637,-1.00815671,-1.470073407,0.116783236,-1.482595795,2.694136807,1.309611583,4.93072307,-2.302918932,-4.072232281,-7.820078498,3.215696229,3.615584521,-3.434633694,-3.623846616,-1.89203073,-1.151958455,3.9690498,1.100166404,-1.043591497,-2.250152237,11.92916328,-2.630654021,-1.286581006,-18.2274486,-18.35188054,-11.65846448,23.50507223,-0.572016953,-4.960852984,-10.17672204,6.182721133,6.442566918,-1.116578077,4.729065882,6.781450341,-4.304540707,8.292492014,7.186242889,8.518383505,-0.696254161,7.887246305,-2.750208896,7.988334434,-8.712518044,1.352702181,-6.668821808,-3.180902502,0.774817036,0.754942889,3.98E-12
4,90733,Atanasia,-74.3930639,-19.91981751,10.96284962,-18.4129408,1.927704524,3.677418878,-1.436886388,0.590262706,0.103324976,2.829087517,-0.424075679,0.883161667,-0.635880681,0.843662811,4.707197879,-5.740425027,3.410780131,1.555630307,1.311187189,-1.446131328,1.04234118,1.62754712,-0.183412893,-1.002345729,-0.189691884,0.870856931,-0.753523797,-0.145737151,-0.67642318,2.250102782,-0.438209772,0.11007513,0.674474334,-0.57610188,0.640791959,-2.382188831,-0.270650033,-0.642693471,1.664555272,1.209654219,4.363270534,-1.032818148,-2.185611213,-4.933632273,2.797893571,1.06934647,-1.532865253,-0.973031785,0.0280541,-8.105879225,0.246854909,-0.787448499,-2.877473162,0.585558639,0.423551233,6.058900321,-0.118041273,-3.625709131,-15.00619704,4.767726134,-0.551719175,-9.431333975,-7.659220469,10.41571942,-3.211133473,-1.902794328,-5.681794387,6.220368179,2.665718994,12.60373424,-15.51297592,-27.80975261,-10.7520329,6.816521409,-4.748253851,0.163869858,-9.965561932,2.148120498,3.342155053,-4.578350284,4.333708036,-0.994472838,-0.297193786,4.11E-12
5,GIWA1,GrizzlyIs,-12.64497015,-72.06013544,4.757292428,-0.349471066,4.236545594,3.838198499,-0.973013246,-1.077918403,-0.008306173,0.828252881,-5.954663748,-0.818003781,7.586880805,-14.27285496,0.669023509,-5.742267431,0.616955069,-9.960770659,0.458832171,-6.676397575,-9.894091863,18.19263637,33.93630649,-4.540681089,-28.69170305,-7.129517616,10.7185609,-0.220967052,-12.71236109,-8.355651877,-2.955719237,-7.24604613,-14.78799167,16.63362252,12.37410092,5.865112011,4.36941172,-0.056487287,-13.98716375,0.568557606,-2.970615243,3.24158389,-0.850390657,7.756097492,3.535243862,-2.496944544,3.76096668,2.613542628,5.301470505,-1.196256887,-3.259738923,1.277481402,-0.438840659,-0.131122613,-0.101959976,0.142018221,1.422127527,1.794211577,0.490370295,0.67082888,-1.048642131,0.540920087,0.017465471,-1.252949455,0.215392692,0.341826249,-0.103241024,-0.368487855,-0.106865329,0.019667803,0.422912141,0.820554071,0.390261327,-0.812811132,-0.620181976,0.583290862,0.851874892,0.047132755,-1.184805875,0.374377739,-0.140067571,-0.196640026,-0.131263224,4.45E-13
6,GIWA2,GrizzlyIs,-13.59514897,-68.95180173,5.049406164,-0.635384029,1.80027263,0.906699273,-2.481501334,6.306985486,3.089011621,0.967853567,-0.027900049,4.753031077,0.37668834,-6.373074847,2.42597223,-5.419361257,0.080433729,-4.215399193,8.753330064,-2.206079058,-3.698518854,5.7546877,2.310026441,-5.203331048,19.60263676,4.730906076,4.032319296,12.91776704,-5.418581202,22.39545152,22.0659987,12.94884762,1.494270602,16.38558229,-23.65207397,-2.868500204,8.530588633,26.81337724,8.388481027,-2.652925081,-11.15308654,5.529720443,6.534452325,10.1010525,-9.456787763,-3.09960678,1.380559898,5.230082547,-1.19287662,-1.487011158,-4.365136417,1.604536105,-0.209675661,-1.553472046,0.548526787,0.562369455,-0.97996624,0.474305925,1.004286906,1.120001849,-0.932144946,-0.320813876,0.522783914,-2.048190718,0.156540331,-0.584541026,0.451077949,-1.425540151,-0.139187176,-0.69194552,0.346050386,0.483734784,-0.029459241,-0.240497395,-0.118237246,0.431006725,0.116278574,-0.399186452,-0.454431957,0.641326141,-0.225656587,0.059748703,-0.102956437,1.47E-13
7,GIWA3,GrizzlyIs,-11.73843641,-69.65823482,5.264179489,1.29975685,1.877142276,-0.750637491,1.464289742,5.938099911,-4.710198469,6.41758409,-1.780202805,10.00188709,12.30961374,-6.208620458,-4.558475122,-0.657993821,3.526723382,-4.300099106,11.69984877,-4.559601993,17.23147111,-14.03538926,-14.59616118,17.30717861,-9.762237539,-0.036422315,-4.132016676,-23.94345756,-7.486968761,15.93859608,1.306852481,13.3024953,-18.02466701,-26.18616846,9.798043581,1.054603725,0.046381126,-1.297955973,-8.391153031,-10.97738605,1.187779185,7.190192499,7.065491059,12.66897657,-5.149614576,-1.285774802,-1.747182149,4.678654094,-0.849933806,-0.275463354,-2.43567309,0.691268232,-0.954711495,-0.050797688,-1.062686133,1.293538625,-0.435661302,1.589365452,0.568875875,-0.062670856,-0.421348503,0.258272766,0.229836448,-0.458492903,-0.524367236,-0.25573874,1.353875583,-0.568922036,0.369026557,-0.998410898,1.830679878,-0.348483144,0.460331346,-0.386820053,0.084858542,0.12430612,-0.050005267,0.540867175,-0.122836814,0.914850756,-0.083528025,-0.019945712,-0.076047681,6.60E-13
8,GIWA4,GrizzlyIs,-9.465432403,-71.24757394,7.876663131,0.18615257,0.314116896,0.474870165,-0.991843578,9.919958916,5.121661734,3.294485994,10.15781687,2.328897848,1.845354536,-8.982115112,-8.383688659,-11.61408326,-17.89444824,8.376848209,-52.19971505,3.215700739,19.03417685,-6.950179455,-0.047746698,-2.856792972,11.82946885,-0.348589232,-5.389375034,7.342760553,-0.883010382,-8.734715603,-4.672100876,-5.571330593,-1.427324345,-5.238212658,-2.560543627,5.651087393,2.556451765,3.927766177,-10.43391469,1.746854522,-1.961265895,-5.035001036,3.579380339,-0.897703562,1.023770385,-2.076826087,1.089272116,-0.106175041,-2.243398822,-1.256954335,-4.205244641,1.414299583,0.600852351,0.744743563,0.134811917,0.001582126,-0.006674649,1.306888187,1.384421617,0.829460043,-0.125310818,1.168395691,0.936004218,-0.635169791,-0.281276541,-0.380319196,0.344854391,-0.658006718,0.335511263,0.126577359,0.974034914,-0.411576929,0.404899832,0.1239928,0.158548559,0.14397168,0.090683745,-0.238669444,0.369126909,-0.101288065,-0.141730395,0.013552635,-0.230020867,1.40E-13
9,GIWA5,GrizzlyIs,-9.33300813,-69.68501487,6.504237482,-0.382492509,1.36804928,-2.557877003,1.578064115,9.630125519,-7.637014475,11.20617931,-4.253209356,4.687576646,6.616086724,-9.924301536,-9.973212714,20.52913922,1.139181785,3.928179814,22.22130182,-17.0111796,11.84838173,-31.89170557,7.524020922,-4.994146717,8.293182442,8.2578367,6.858434186,8.251313314,17.95666148,-23.16277837,-3.224816327,-6.162224343,14.24188653,11.25729888,3.053957268,1.316147349,-3.537478258,-2.875948872,2.969022807,4.01561802,3.446823105,-1.009945723,-0.64359393,3.289241242,2.224491317,-3.005428147,1.653633388,-0.136358242,1.246366228,-0.970584712,-1.663428682,0.564961977,2.1580542,-0.206944324,0.573740841,0.027512221,0.870182184,-0.084534002,1.0525482,-0.765053165,-1.40487677,1.275733475,-0.560623018,0.224718307,0.020263858,-0.19561081,-0.284305882,-0.548829226,-0.428905765,-0.01997288,1.284600889,-0.247146213,-0.718935522,-0.207625224,0.006127577,0.36080333,0.074967627,-0.102756358,0.217201248,0.097775403,-0.249346072,0.203398335,0.022640796,7.13E-13
10,GIWA7,GrizzlyIs,-8.01578585,-70.61249371,6.742081243,3.100625636,9.211553918,7.330355837,0.020137393,22.37770646,14.30570576,-34.86499305,19.65559905,-31.05445044,-29.57922018,22.11884175,-3.776202956,13.31821296,-3.860699358,-3.028765428,8.140667172,-1.110655086,0.412064337,0.412759797,3.193848172,-0.789753321,-2.637573019,-1.120880929,2.163772964,-5.488601169,1.370476869,-0.503848592,3.198110356,-2.408149501,1.842116738,-7.304092615,2.653028563,0.856697454,0.070196198,-0.749088819,-3.464303127,-3.563219447,-0.071402033,-0.007820769,-1.301138916,1.297213347,-0.064428983,-0.628524027,-0.632343418,-0.265027828,-2.309474842,-0.652621142,-0.781584945,0.323550287,-0.398189462,0.573284015,-0.190807031,1.001659159,-0.218653267,-0.079220285,0.436797044,0.10809248,-0.2827567,0.585741279,0.408402059,-0.52379774,-0.243051485,0.413314342,0.330956781,-0.456841867,0.172660159,0.064727428,-0.049772968,0.108050615,0.726761681,0.276835805,0.227458092,-0.045762873,-0.036668521,0.078894822,0.064552649,-0.199746825,-0.147912938,0.04524572,-0.024277184,-4.23E-13
11,JR11429,GrizzlyIs,-0.051428067,-56.8168742,5.861808853,2.189091242,2.03316841,-2.759550467,0.821824588,-67.78068283,-5.975250697,-14.61056291,-6.930567249,-13.94292271,-7.85009425,2.375761712,5.986502732,5.939691315,-3.091986114,0.354262796,-3.686028083,-7.956906571,9.69153612,-4.166388059,2.207807135,1.745605929,3.582484594,4.23629933,-1.222167838,4.641793134,0.254903329,3.831438483,-1.512868238,1.746790664,0.476651456,-3.581148466,-0.820412083,0.263800405,-3.683077459,-0.442241338,1.249983936,1.597772669,1.051218071,-0.840351268,2.705323279,2.806630931,-1.029687011,0.045236798,-0.869659644,-0.948548829,0.490166332,-1.102347071,-1.722849773,0.62821921,0.096007505,-0.047468652,-0.193238284,-0.17707644,0.268656493,0.071844499,0.19659742,-0.01762945,-0.134208936,0.464502144,-0.194333964,-0.508678959,-0.449047339,0.578072678,-0.242615121,-0.119929943,0.537316509,-0.80980075,-0.000738564,0.154231363,-0.021192728,-0.70522056,0.041423892,0.51526362,0.379636401,0.064038131,-0.284028782,0.379297306,-0.543477447,-0.033195941,-0.033228556,5.83E-13
12,JR11430,GrizzlyIs,0.168468347,-54.58004939,3.56789758,0.282452912,0.172060612,-4.012545042,-0.601447557,-3.634752091,-2.840636907,2.072310715,0.709357862,5.2191319,6.620579574,6.522732074,-0.997598141,-6.018665631,-2.398444802,-3.953199776,1.175721893,17.70391835,-8.862387951,22.32294597,-20.9506058,20.21013269,8.207894955,25.23168983,11.66170691,-9.580537593,-7.076783482,-16.16852921,4.0757564,-12.2184668,20.87365984,6.615518964,21.00034547,4.171497966,-8.699820399,6.808917148,3.163202462,-2.863532749,-0.575530076,3.078505094,-7.158819124,1.677766363,-5.876197846,-2.734287149,1.986393249,4.056404218,-4.414433891,-0.581093912,-2.329078217,0.966684531,0.856856471,-0.471310099,0.3459421,0.011480324,1.142160732,1.039149782,0.425880237,1.03429973,-0.381675898,1.171770488,-0.077461752,0.156472276,0.619354531,0.265449196,-0.069561235,-0.413207666,0.682846688,-0.134598028,0.198470612,0.96697663,0.481705716,-0.040079852,0.019743389,0.352230687,0.281394848,0.777656614,0.160866683,0.123373718,-0.736949663,-0.215934901,-0.194246005,1.10E-13
13,JR11431,GrizzlyIs,0.371107184,-53.33932672,4.438593454,0.627249018,1.727387314,-0.057322201,-2.443252349,-1.788042177,-0.294251148,2.296528243,0.86231777,10.75593579,8.099377456,3.294998786,-5.742415959,12.83721839,12.91592408,10.75801415,-0.698128961,10.29586334,-33.14397182,3.554444436,-0.986769788,-8.863539853,-10.06562872,24.05937411,-11.75069583,13.79343261,8.105538342,-0.11177439,-0.463828644,-5.314715822,-4.924778938,-24.67239614,-20.18858196,-2.640248236,1.853217275,-12.36639701,-12.95626595,3.197697709,-8.016657314,-5.711594407,-0.935118143,0.401564395,-2.727085009,-4.84631609,-2.102578045,-4.308689142,0.443127423,0.280500373,0.857823956,2.180417982,0.200369937,-0.178795565,0.674853043,0.632315751,0.112720974,1.154521818,0.820669433,0.051131353,0.676589355,0.535011018,0.1095691,-1.243105402,0.220292304,-0.13199339,-1.119321913,-0.038203797,0.34866692,0.187654804,0.797294944,0.118055983,0.353957104,-0.259480321,-0.106149919,0.646388793,-0.583392322,0.0323536,0.296756684,-0.039384341,-0.00431753,0.167482124,-0.073826312,-2.81E-13
14,JR11432,GrizzlyIs,2.664141467,-54.41686379,4.302592955,0.389229962,-1.162647461,-2.502970689,3.869143664,-3.970348382,-2.536741146,3.528427538,-6.184411134,0.356093387,0.036501136,3.591340912,2.952487248,-1.039068988,7.849621793,-4.30525639,2.364725005,21.20446308,-11.0288804,-2.512745635,-22.99800179,-8.340989304,-2.618874482,-46.16290045,-1.589573328,11.33336031,5.025639477,-11.26188972,-5.638581844,12.48448763,13.40500415,4.23877004,-1.857243043,-1.980950521,-3.323725262,0.560111836,-14.82370235,-6.850344642,2.134551939,10.31376768,-1.875515505,4.466022386,0.786947073,-0.025598688,-3.46828206,-2.053518322,-0.726443226,-0.595156721,-0.322126459,-0.262514834,0.078224724,-1.03442478,0.723847934,0.301538298,-0.35301109,0.036915127,1.120563737,-0.349384366,-0.855587108,0.42559942,0.639669182,-0.882390007,0.442788724,0.090639359,-0.138928342,-0.0557038,-0.475084,-0.492296149,0.09351994,-0.393147375,0.249124851,0.687882894,-0.044168975,0.086176112,-0.144352968,-0.256143657,0.341424216,-0.098222133,-0.640802973,-0.146480957,-0.004033087,5.33E-14
15,JR11433,GrizzlyIs,2.714448534,-52.47431226,6.523056823,1.185598598,-0.053752723,-0.279811213,0.692130837,1.634068474,1.406242539,-0.209903955,-0.470516738,3.051844669,3.821537098,4.079757491,-4.422687457,6.455132589,-2.677934662,0.972805143,-2.819837886,5.200875626,-7.00833052,5.507133306,-8.999310531,-1.384582237,4.581230107,-10.10974028,-13.70001267,-6.009110906,11.56438813,8.85372384,-15.81628509,-7.381861922,-17.66103443,15.83117462,11.66253777,-4.150771954,4.781832138,-19.36112838,34.91601862,7.426601601,-20.6488775,1.325091563,14.13994455,-4.001206759,-1.855869073,3.700302734,9.434729434,2.541897862,-0.359766097,0.221507262,-1.585488322,-0.987455722,1.326465101,-0.77351485,-0.028612876,0.367266603,-0.909657119,-0.641099649,0.332970968,0.854547244,-0.115009936,0.551737815,0.631852516,-0.07740507,0.165475761,-0.038112857,-0.62152544,-0.307827819,-0.769374817,0.812452474,0.259265483,-0.132833987,0.334450732,-0.562144763,0.784277898,0.314654105,0.53648917,-0.123929281,-0.878590948,0.914836436,0.855215297,0.049936385,-0.108594484,-2.12E-13
16,JR401991,PuertoViejo,-47.90741476,1.50327947,-0.645206704,15.87671965,3.503051574,2.069006793,-0.612827775,1.903641913,0.238100213,3.101129721,-0.840727062,-0.543426728,-3.049403938,2.46972586,5.958160321,-5.696355902,4.7484529,2.554370195,-1.262710283,0.454381846,0.247439403,-0.205850216,1.079462674,-0.694211645,0.412966287,1.120313058,-2.35523641,-1.835100875,-0.659942438,2.101838346,0.63464146,-0.362973716,-1.529914337,-0.364829595,-1.525417589,-1.068043229,-1.983758771,-0.770407578,1.292411988,1.436002729,0.663600056,1.374652805,-2.281859848,2.348746157,1.827190779,-0.448582201,0.49402535,0.15033094,-1.120498074,3.655980653,-1.162963819,-9.721053699,15.63722465,-6.741850152,4.888001014,-22.91178072,28.64577548,-9.064808486,8.924770188,-14.57465222,-8.203340107,4.437847173,-5.951550385,10.26509809,-3.19033529,1.769546418,-2.314346702,2.539181559,-0.309387859,-10.30251714,1.492288657,-8.415286925,-1.981037349,0.590949486,-7.595285139,-4.111948083,2.630480752,-2.890810701,1.7420009,-0.486179226,-0.694820735,-0.119847919,-0.214553662,-7.23E-14
17,JR401992,PuertoViejo,-47.3875032,2.066090209,-2.453142038,17.16003604,3.29030712,1.934408863,1.101825144,1.000047383,-0.300060634,2.605780102,-0.076243454,0.143810993,-2.801985945,0.577679806,8.036235425,-5.527760795,5.673956094,1.772515375,-0.029216836,-0.584231175,0.352731198,-2.226548107,0.416599723,-0.874392305,1.631659464,1.106887933,-1.153708252,1.113954316,0.388019253,-0.981969707,-0.714256137,-2.009384556,0.066693989,-0.791852219,0.207028115,0.567994722,-0.919223119,-1.188570099,1.149967696,2.289669707,1.285690767,1.766063865,-0.076983175,-1.262480267,1.210639814,-0.325851364,0.20944966,1.869117201,-1.055123756,1.583227528,10.42176997,-6.760860148,-10.82025243,-9.506791974,-6.894393012,-5.076570996,7.525373417,9.008684947,-28.58872886,14.72429387,-6.668712351,11.877693,6.30082372,-8.943742305,-10.57252992,-10.25412126,6.566154461,-13.85403777,-7.464086257,-1.744719443,2.652196802,0.375314795,3.356356308,-2.427257637,-2.902087008,-8.326886017,0.889014695,-3.612270334,-0.312401761,-3.224749298,-3.472648858,0.404453567,-0.096854894,-4.00E-13
18,JR401993,PuertoViejo,-45.64192215,2.373291668,-1.391912765,16.3115436,2.422259366,2.859717857,0.225671503,1.426738288,-0.913366447,3.890279885,0.562832298,-0.921389112,-1.704399491,1.410408352,6.934601969,-5.308762455,5.269963432,2.330177905,0.579593646,-0.719180008,2.087122409,-1.494307237,0.975357224,-0.165974428,1.639843638,-0.004840032,-0.218286512,0.427447013,1.246204268,-0.357574737,-1.452997885,-0.262805914,-0.909238266,0.288735688,0.416685028,-0.574799713,-0.314330268,1.266282558,1.248932575,2.399558025,-0.638118563,-1.113437905,-2.289828216,0.166150654,2.084431341,1.084340804,2.000379877,-1.195311501,-1.737541958,6.871094293,8.323315408,2.27662558,-3.101674212,-9.419847875,-20.18439988,14.30442413,10.78518269,8.914691312,11.97852248,18.05077408,17.32082633,-0.492569698,-6.406149883,-1.631370819,10.43153057,17.86283956,-3.553673456,9.38478405,1.101273196,-12.71592028,-2.413068133,-0.875404481,-2.872023607,-0.368859661,0.462962566,-1.687714772,-3.656008705,-1.297398793,3.776620555,-3.503622428,-2.309559423,0.149271141,-0.049717816,-4.02E-13
19,JR402992,PuertoViejo,-40.53415254,-0.650937838,-0.823207898,13.08479555,2.393657687,1.972402744,-0.069034894,0.190596103,0.51337005,3.054356435,-0.224622154,0.379197898,-2.119992818,-0.002995187,5.745157325,-3.783007725,4.20793584,1.133992527,0.126546595,-0.418520286,0.272636004,-0.961600497,0.61158825,-0.631526834,1.079855884,0.454730497,0.233621216,-0.001801758,0.725006156,-0.518877812,-0.825806703,-0.676833888,0.691649875,-0.303657263,-0.436481627,-0.451424706,-1.519787267,1.917016914,0.802306538,0.580114541,0.312538596,0.284731518,-0.13176463,-0.060245062,1.724957847,1.631793987,-0.26618475,-0.433165504,-0.985092026,4.973318129,2.432813547,-4.186726508,7.786684347,7.029613688,-15.54065521,3.131977421,10.53634283,4.558770702,-1.487983834,-9.122038983,8.023387204,-26.0278479,11.50185347,5.814030315,-9.746381388,-1.185399871,-4.906368239,-3.240009423,-4.075029254,18.29679182,5.725338843,5.00093688,18.86397459,2.986953182,4.865743247,6.642030575,1.209802481,7.02600714,-3.787369033,1.040376372,1.190891631,-0.595936425,0.180601529,-2.96E-13
20,JR411991,LopezMateos,-47.34543101,6.991944726,3.011436023,4.624444913,0.20633981,-0.533053501,0.498204863,-0.392618405,-0.775028326,-2.840941838,0.610916052,0.040089021,4.232374983,-4.506507941,-8.762025671,6.28456573,-6.087789581,-2.558188985,-0.232294556,-0.284952816,-0.761609699,3.474037115,0.491116445,1.002040792,0.016136659,-0.746671156,-0.403147887,-0.649172473,-1.580509586,1.184078753,0.760751632,1.755293331,2.36037034,0.654239407,-0.846586211,-0.794732417,-1.236057745,-1.136912125,0.034392723,-1.196012912,2.103890762,-0.688141971,-1.000190779,-5.639203081,1.425676852,1.663458848,-1.500643433,0.776279553,-0.404258166,14.02911503,3.018057133,-8.691092744,-3.704175751,-1.68996951,-4.750719888,-3.242689815,-1.454082327,1.801961002,0.113449684,-6.203577646,4.265714484,-10.01429062,6.114955605,-9.947103199,3.71233322,-25.2431746,6.692345756,9.94676266,-1.423623241,-17.18181384,-10.50427485,0.609890942,-9.113226828,8.642735564,1.468207775,20.33363049,-1.747894265,-4.8281282,-1.052159818,3.827282019,-0.765282936,-0.091700847,0.057137549,-4.51E-13
21,JR411993,LopezMateos,-48.02867334,8.890698334,3.883724092,3.089380434,0.914861439,0.9726766,0.665343439,-0.31464243,-0.401139874,-2.86396017,-1.656919495,-0.033914328,4.047070196,-6.841726892,-8.822782441,7.349317869,-5.465486192,-1.942082582,-0.126432083,1.050675239,-0.403171051,3.133022498,-1.788154076,-0.066639364,-1.186894058,-0.988214889,-0.775340035,-0.492756831,0.288242828,2.474669185,1.358840236,0.616027632,3.114297102,0.237364317,-2.149897407,-1.269931671,-0.184790246,0.271001704,-0.520691002,-0.222536421,3.046964992,-0.799565573,-1.169531558,-4.460995191,2.781222069,0.755196423,-2.091713873,0.747336607,-1.461249918,12.69888281,1.535418697,-5.681628862,-3.223183837,2.135597218,-1.421690674,-5.228179467,0.561952816,-7.855351116,1.613448236,5.042266859,1.845008605,-3.507341146,3.474832183,-7.709637988,-0.530678992,12.46310481,21.08958769,1.938128269,9.421017232,11.82921999,-11.42756712,2.952783652,-5.28374615,-4.466741934,-12.6054909,-11.39935426,14.19690571,9.530345114,-2.426480193,14.7004633,10.59397794,-0.547669293,-0.224070612,-6.62E-13
22,JR411994,LopezMateos,-48.75685368,10.9247042,4.908776309,3.601276814,-0.260180186,-0.263786506,0.652364536,-0.583121468,-0.601750766,-4.712678629,-1.564759875,0.740737296,4.508808353,-6.234070392,-9.994339753,7.514297844,-6.955212246,-3.597712242,0.23120947,0.404248092,0.75743197,4.235821721,-1.277285714,0.087173094,-1.524606686,-2.65653755,-0.83211094,-1.010072896,-2.448506752,3.01941113,1.432985589,2.172423648,2.92985883,1.218008614,-3.25140105,-1.016069113,1.558207673,-0.286342669,-0.537156741,-1.005024886,3.273977608,-2.499382282,-1.214228819,-4.197682321,1.044737711,-0.833268778,-1.927774993,2.383814719,-0.546104962,19.27809324,-1.390434832,-2.801315737,-2.186024437,-5.88005293,-2.419671374,-0.935889114,-4.378525141,3.894394887,-0.547541254,-9.405031497,13.58298462,21.59401371,-6.918023659,18.76269642,-2.629068063,-2.599535844,-13.00250146,-12.47533773,0.732796701,8.430586285,-9.02851036,12.49394902,-4.447817194,-0.14730565,3.833628735,-1.213486906,-10.70314175,5.855607078,-4.585851791,-2.518243173,2.807863608,-0.316845362,-0.263283819,-3.37E-13
23,JR423991,PuertoViejo,-42.6566989,6.010263825,-2.311703644,16.24090649,3.092850847,2.49842205,0.840302324,0.092801236,0.049923377,3.419747545,0.052928461,-1.461752014,-2.194540441,0.06878671,8.729835275,-6.025840395,4.44695824,4.069754734,0.142114958,0.722853255,-0.40132194,-1.454496671,2.050962641,-0.800675788,-0.477473815,1.454801885,0.602260932,-0.810252584,-0.403487743,-1.338073234,0.328093062,0.142822026,-1.779363167,-1.455306213,-0.039548629,-1.856711567,-0.563266337,-0.333090801,1.403601285,0.639275349,1.820913494,0.833106755,-1.9003852,1.107145583,1.522841825,-1.94717254,-0.889648329,1.076539283,-1.450302906,4.429423201,-3.218673334,-23.35666818,35.26629783,12.05448245,12.52148555,11.41720542,-18.93593925,0.681942248,-0.985669408,10.98372939,0.956275244,2.630286315,-0.415836879,-0.534254672,4.848262249,-0.52891665,4.962626881,-4.09247464,-1.427196704,-2.373448922,-1.046810156,0.843481748,-0.146756877,0.769191103,-1.042505358,-1.182440859,-2.559045448,-0.271331405,-0.876045937,-3.867090654,-2.079628402,-0.519394881,0.457929107,-5.22E-13
24,JR423994,PuertoViejo,-40.86731006,5.865616031,-2.746578099,17.30826289,2.840535063,1.880444047,-0.807555934,1.075123681,0.183474718,3.88709913,0.404622672,0.099155696,-3.938642271,2.187512692,9.240349741,-6.766602225,6.550012498,1.499394174,0.34607418,-1.049465617,1.487140127,-2.690282007,-0.216322766,0.177156622,1.56369743,-0.787984906,1.735185516,-0.402467035,-1.688595564,0.213776229,-0.599269177,-1.325546958,-0.775235424,0.487617336,1.630781139,1.623995776,0.330893383,-1.625369731,2.24945615,2.817081455,-1.559791228,-1.419030885,-2.093539197,1.297001544,1.567823777,4.208284743,-3.513680185,-3.457005025,0.525652202,24.16271684,3.79156595,43.38910807,9.215371724,6.118025178,11.36905378,2.584459343,-3.156962508,-0.049340745,-2.110484052,-1.204981874,-7.028838885,1.6633909,3.695631243,-3.072649266,-2.975071346,-3.09411537,0.072924477,2.708915887,0.840548307,0.759142727,-1.917950907,-2.985629509,-2.53000142,-2.999620827,0.528055086,1.397222692,0.207001767,1.93236996,1.210103397,0.093141222,-0.974410457,0.265231944,-0.263718751,-5.50E-13
25,JR423995,PuertoViejo,-40.54611379,6.813944035,-2.440301583,17.24413794,1.543027551,1.975751724,0.200618659,0.209139828,-0.864271089,2.278084025,0.111641342,-1.019938852,-1.944553474,0.229449275,5.617762193,-6.38224793,3.610440817,2.819181334,-0.403505812,-0.556189521,0.578320019,-1.213925423,0.929603556,-0.497213848,1.442373934,2.484315665,-0.233965105,-1.263595413,1.298141313,-0.866222443,-1.980840618,-1.621694726,-1.237880773,-0.243465143,0.943334742,0.826875785,0.492025409,0.100906909,0.262941958,0.248996803,1.246449467,-0.400921864,-1.044712486,-0.621220564,2.294357777,1.760716951,-1.399523911,1.04541462,0.11054173,-1.812263111,7.206047632,-8.476804109,-17.40865702,-26.24571444,24.46300666,20.5028748,-1.194221148,-7.606636577,12.09710576,-6.69189315,-10.58119514,-6.784313815,7.147663164,0.091565297,1.431694207,3.240877176,0.343481229,-7.152849517,1.86576501,4.839454934,2.584787296,2.66533446,-1.87813964,1.706444472,0.790107043,5.072358708,-3.250991163,1.339850526,-3.198649317,-0.27681973,1.779528542,0.89124515,-1.048072545,-5.97E-13
26,MB1,MorroBay,-8.81352996,-10.23271892,-35.6315428,-11.32521888,0.178456842,0.339509081,2.307963643,0.865767692,-0.372546669,-3.535665291,3.995015261,-2.954972161,1.398052433,-10.52807432,4.142685698,1.118745247,0.576021594,2.059543623,0.05615683,1.911443135,-0.983598062,0.986645986,-0.826756007,-0.021317443,0.120498853,-0.189292389,-0.069958028,-0.471214468,1.019811527,-1.157323742,-0.242631725,-0.668034784,1.047115933,-0.629399804,-0.06374014,-2.651170598,0.503844619,-0.55005729,1.998866103,0.376038653,0.517624237,0.65260815,-0.538578879,-0.870352735,1.307985428,-0.830600842,1.966000253,1.077468484,0.157781232,-2.61599608,3.172461842,0.138421924,-3.345075285,1.32705061,5.498722101,1.910517976,-10.26919118,3.062848197,4.183982352,0.807941184,7.190596764,-6.091690706,-4.828840696,6.769360097,-37.25478142,4.744001641,-0.271588655,0.24635346,2.659334636,-19.2516695,0.068251493,0.773726315,-0.922780128,2.628939864,0.245514156,-2.619210382,5.250227206,5.010814538,3.402843551,1.702412428,0.939041414,0.094000832,-0.485925859,-1.63E-13
27,MB3,MorroBay,-9.874318543,-7.697103808,-22.49826516,1.989896255,-0.157329514,0.457645204,-2.525184662,-0.936343198,-2.740817354,6.352648201,-2.338181349,3.218410221,-1.937986291,16.3870017,-2.022461549,-4.014896322,2.823577415,1.327008615,-1.240746651,-9.378465876,1.520649526,-1.645443583,5.699395082,-0.005249555,-6.852584249,-2.802565955,-3.528542736,1.185783362,-0.904711279,-1.976442242,0.575206296,6.507255388,7.208125365,-2.584344198,1.800275258,2.424239325,-0.962445013,3.723236823,-2.851870514,-13.76058388,0.850256844,2.625931593,9.509694192,-33.58039193,-25.88545987,-18.08469892,26.89826961,1.135843938,13.4141891,1.489614902,-1.383559159,1.689298603,0.3942294,1.490008985,1.168116059,0.25283922,1.2324469,-1.505345458,-0.820918556,-0.996589539,0.276485119,0.380225637,1.87966647,-0.369608237,2.236699911,1.289218515,-0.158790399,0.773269048,-0.455386201,1.414707899,0.939441925,0.949293822,-2.16828166,0.439928173,-0.970024501,-0.17522563,-0.317462578,0.319078404,0.029361551,0.336132384,0.454378371,-0.074579541,-0.342997188,-1.04E-13
28,MB4,MorroBay,-8.737253686,-8.499716867,-53.32053928,-16.66885373,0.855068935,-0.044019812,1.482227721,1.567259086,-0.732398519,-8.157836132,6.05174324,-6.603446541,2.313860935,-19.2204951,8.127063817,3.309110441,3.280839978,1.763769802,-0.421173545,3.70481522,0.69191296,-0.639418885,-2.859311907,1.641411588,1.610622614,0.880727579,-2.326709356,-1.491261927,1.844956974,-1.478788692,-0.158800331,-0.899537498,0.219117036,-2.209983762,-1.549885544,1.973522567,-0.241493126,-1.156909578,0.804988836,3.794589494,-0.174929734,6.191646027,-1.102380854,0.963330777,1.164467031,-0.575579719,1.616123627,1.150106093,-0.751575752,-1.307139243,-0.415438766,-0.537488702,2.081292958,-3.297602218,0.187652769,-1.719277182,4.30971292,-3.127601968,0.926135132,0.340766409,-4.642813036,0.534836337,1.095704091,-2.714241036,9.243489084,-2.556411015,-0.116119335,4.620144157,-0.766498878,3.179398417,-18.14250654,-0.763518316,13.76675186,-21.78027165,6.716014623,-0.346000437,-9.139295694,-6.882238705,-7.441649711,1.598370726,-1.78547933,-0.357219739,0.602953411,-1.12E-13
29,MB5,MorroBay,-10.16438286,-5.203196316,-30.90324148,-2.094469669,-0.544689288,-0.685962063,-5.093716779,-2.940016312,1.177930438,12.92226618,-12.39951563,11.70631874,-3.249552567,35.40370607,-22.15635184,0.466774121,-11.7091538,-5.399243521,-3.041646004,-6.968826914,1.376170367,-1.098104922,8.67180138,-0.173792512,-0.996061493,0.025998155,-2.984570272,-1.075646333,0.575798071,5.173793264,0.43352868,-5.081082957,0.155195712,-1.665025833,-3.866273385,9.883254624,-0.033649355,4.178698655,-1.691878835,12.08335743,-4.904014192,33.20139778,-9.577697351,0.601233199,10.02022224,8.913882607,-9.179020026,-2.19986332,-7.950667564,-1.689223761,1.133450548,-0.277032603,0.287789543,0.12085912,-0.354737065,0.504057762,-2.425261259,0.688193127,-0.22098875,-0.27915093,0.94077367,0.098409388,-0.343853938,0.358932115,0.003534888,0.349136879,-0.453219243,0.031357789,-0.478566749,0.624893455,0.472859921,-0.349966803,-0.784795437,-0.48522048,-0.285964494,-0.509776511,-0.101268572,-0.320205039,-0.478513529,-0.616064617,0.610868098,0.057780715,0.149608989,-2.19E-13
30,MB6,MorroBay,-5.674923095,-7.470880588,-25.18654753,-3.243159498,-1.861772286,1.837186364,-1.409863519,0.596161415,0.047853051,3.144772123,-3.777917738,2.520221869,0.103701889,9.550932749,-7.676948052,-2.130377158,-1.656038357,-2.46866187,1.725790023,-1.8604764,-1.694410875,-1.872288405,0.747145797,-1.372264894,-0.695253929,0.224598827,9.290899652,4.028849033,-0.330363431,-0.638189979,-1.693761591,6.803155556,-2.371728054,5.565598523,8.19996749,2.97131366,-0.547969527,0.65134571,-6.833484178,-3.868025042,-6.074812558,-29.89990509,11.53953998,-0.879156403,-25.09819229,33.26264472,-20.45924199,-12.46761124,-1.919188087,-0.659720554,-1.974751922,-4.651790563,1.132000422,-0.479750559,0.838508762,-0.272974564,2.855899726,1.639117821,-0.719619447,1.539687389,-0.430233194,1.195298549,-0.337863971,0.595061702,0.832872722,0.082901463,0.482573997,-0.174941555,-1.176806614,0.415874851,-0.532397679,-0.451233245,0.073912518,0.079446576,0.023566643,-1.055397269,0.402680499,1.229488307,0.414510668,-0.027188112,-1.006375125,0.031111888,0.156783537,-3.59E-13
31,MB7,MorroBay,-4.592774786,-7.745172388,-49.28580381,-15.70959344,1.071628598,0.043512385,3.117451703,0.296310422,0.274866124,-8.336382736,6.367817476,-6.785330582,1.547604021,-19.28781605,8.869307169,2.341663193,3.076550039,1.441720043,0.093298547,3.096680728,1.12794232,1.589561674,-3.353495441,1.190786152,1.791892529,0.991515662,-0.940406353,-0.280938312,1.93067038,-0.698035476,0.333599094,-1.264296633,-1.748138239,-0.901036755,-1.645128978,-0.057907828,-0.352497806,-2.766323626,1.825026236,3.035473579,-0.984605954,5.835917421,-2.515978465,1.354833665,3.003027014,0.162367409,-1.188458018,0.408814394,-1.57173319,4.591997693,-0.160071196,1.744669187,0.48990218,1.170075256,-4.498171527,-0.79842004,2.306409167,1.245467663,-2.289790986,-1.156456145,-0.224451431,3.104026285,1.248845944,-0.200573694,15.18208247,-0.503137542,-0.181471288,-5.549032118,-0.69598745,8.40623203,19.24959643,0.197564518,-13.37872381,21.67076589,-7.069859765,2.452105138,5.577926011,3.592299936,4.009868027,-2.774826269,1.74641431,0.477571166,-0.417822836,-4.69E-13
32,MB9,MorroBay,-4.949625274,-4.464316856,-29.29178602,-2.520236202,0.208480066,-0.203007268,-3.610546041,-0.809331018,-0.821910782,7.261449051,-7.7754511,8.126185503,-3.098083596,22.1890223,-10.58290963,1.182277593,-8.319417615,-0.88294497,1.033403999,1.612905815,1.784267849,3.747425662,-1.286715284,-1.702502107,2.268873408,-4.083269345,2.240607006,1.629962656,-7.517113813,4.58865995,-1.503906218,1.664687081,-0.753008107,4.420856794,-1.872761737,-9.608219974,-0.221313831,-5.877722184,3.267845697,-8.545400851,11.35706818,-34.05837172,1.591228048,21.17399824,20.4036155,-23.0635895,5.768230322,9.41998933,1.525575493,-2.102732413,0.927484719,2.119639027,1.127344367,-0.72861642,-0.975330893,0.918937399,1.198994406,-1.49490661,-2.026729568,0.091151129,-0.278106238,-0.202800123,1.497638572,-2.383046636,2.111675728,-0.176642573,0.066799294,-1.022522618,1.332995336,0.984305246,-0.104780551,-0.640316025,0.177965741,-0.112631264,0.56346728,1.34709102,0.766235285,-0.225950307,-0.65582361,-0.647976265,-0.370264849,0.283363646,-0.443238242,-5.23E-13
33,PMB1761,PuertoViejo,-22.51907933,13.05720759,-2.468408496,11.86141371,0.922609616,-0.384389533,-0.219091526,-0.408777134,-0.012454108,0.090734915,-0.029324361,-0.035364099,-1.174753085,1.59419258,4.537614228,-2.131938745,3.126370403,1.477036817,0.229872159,0.603588326,-0.053088847,-0.832411932,0.09197036,-1.267290234,-0.612200188,1.241140966,-0.008651601,0.962657831,-0.260951515,-1.614575139,-0.769923036,-0.806423083,-0.357414659,0.981501773,1.563661257,0.061194716,-0.305923411,0.93357966,-0.441571709,0.066720732,-1.607180672,-0.676245678,1.178070603,2.693075634,1.587026187,-0.22370666,-0.691465658,1.547844432,0.281684455,-3.601716473,-5.046229838,-0.159990956,-3.968419531,4.265466968,-0.566820992,-3.432525114,-0.572878343,0.203546984,3.198653886,0.444024046,-0.324048482,-4.952629127,-5.433216452,1.951543748,-0.422179557,-10.15658048,7.812369044,7.639284776,3.476870212,3.538693686,9.650329442,6.946967286,-5.709732686,3.395062305,19.91153407,-19.263851,-17.21015242,-11.66028509,11.04391995,11.38044304,17.6462254,0.787808495,-0.043000345,-4.40E-13
34,PMB1762,PuertoViejo,-25.68102423,16.85399729,-2.033860979,11.84137617,0.613115186,0.148406502,0.844145713,0.905405199,-0.879147054,1.096468717,0.775057295,-0.376881382,-1.578422253,2.190543891,4.461698653,-3.503831898,3.292033442,1.706974418,-0.695925022,-1.161537392,0.333417965,-2.594722973,-1.092869883,-1.490574562,-0.821347026,0.268979122,1.610474701,0.496591634,-0.651139704,-1.066226542,-0.793690638,-1.371058544,0.247336734,-1.793501805,-0.558940847,-2.191130591,1.165558309,0.144895428,0.104593485,-0.416976449,-0.749539304,1.100795177,-0.243595748,1.777059688,0.659720436,-0.073486214,1.333751752,0.256500052,-0.525818559,-3.629064362,-5.994983527,-0.168121654,-8.419035846,0.121390443,2.813972534,-4.39051338,-1.163107868,-12.55399631,4.897273514,20.20910642,-0.17239755,3.767213446,-25.86966312,4.138880282,-1.091269336,-15.23503154,-5.17965921,11.74771975,-6.358800539,9.792327556,5.567341823,5.008687951,4.735932632,-1.053984014,3.076682392,9.754106899,14.38329676,8.529780163,-7.856393353,6.072569246,-4.157906689,-0.438824592,0.546910458,-2.71E-13
35,PMB1763,PuertoViejo,-25.87472018,18.19422349,-2.162684886,13.33925157,0.335716397,0.597430692,0.328876748,1.173279735,-0.123243571,1.253605906,0.278034393,-0.309290836,-1.487260022,1.93657952,6.957120855,-3.063667346,3.577570579,0.833663244,0.997553662,-0.386917126,1.491451795,-2.690353048,-0.014240837,-1.565688053,0.391344398,1.190900279,-0.017476455,0.583793811,1.888223998,-1.976174379,-0.277290843,-0.83786949,-0.513615676,-0.698129135,1.770641741,-0.252336947,0.379698716,-0.800901338,0.961630921,-0.032356226,-1.776001223,0.62940775,0.137412172,5.151108667,0.385270362,-0.07870669,0.81219968,1.471542092,-0.951636013,-4.206296911,-5.620293128,-3.458570104,-17.26877359,13.42137586,19.24122147,-27.39010506,-5.681448223,15.3485772,4.169317159,9.126102199,12.54284856,-4.84469145,14.31288845,-0.858624449,7.80303912,6.138440484,-13.18306573,-1.954573773,5.055681283,-0.167060695,-2.640753442,-3.467585315,-1.264322353,-0.806945012,-2.17154075,2.631837818,-2.413011375,1.710228999,-2.18290495,-0.081772613,-0.285265224,-0.142919631,0.109523273,-3.51E-13
36,PMB1765,PuertoViejo,-28.31787335,21.6819663,-2.570047571,14.97087333,0.865042746,0.649799827,0.442876793,0.76967071,1.195337483,3.047862966,1.216211998,-0.460308826,-3.105200397,2.050829971,7.760025051,-5.372844563,4.20789758,2.465812181,0.005109789,0.899832854,-0.369989664,-3.241430391,0.809618685,-1.377194463,-0.295866014,3.293249543,0.454283497,0.543641906,0.986739339,-2.940932261,-0.991247036,-1.860645616,-0.293473141,-0.252941103,2.682080463,0.726736762,-0.246323567,-1.689461819,-2.840562427,1.014129458,-3.222048939,0.671638795,2.630513567,6.130358576,-2.225835083,1.838847986,0.837727991,-0.221055531,1.910461983,-8.240077267,-11.31358698,5.664192173,-0.444916725,-13.11130798,-24.2007685,-12.85692106,-26.88752919,-23.35816449,-0.753204523,-4.719037402,-2.969322704,-2.987762951,7.890988697,3.068022778,2.898853697,4.116308602,-2.791271162,-5.737061219,-1.294836625,-5.135897121,-4.589787823,1.255186021,-0.645267778,1.323707956,-4.697120644,-0.145975237,-2.284078818,1.085962491,3.52895261,0.248742896,-2.337324563,-0.264687332,0.13941369,-2.98E-13
37,PMB1766,PuertoViejo,-26.30939593,21.21465864,-3.699377419,15.9674704,-0.038838515,-1.499025749,0.741768331,1.511762693,0.295744117,1.809809215,1.034818918,-0.6487572,-3.403305548,2.297009657,8.373389143,-4.733494821,4.552609563,2.963896079,-0.372576426,0.483730604,-0.067466527,-1.81902242,-0.449648713,-1.04455057,1.634165494,0.94338538,0.626062787,1.462108808,2.41728505,-2.861956519,-0.340670703,-0.935168189,-1.800777121,-0.754610951,1.282504429,-0.346669002,-0.354904204,-0.119202485,0.800509366,2.129041876,-2.43754919,0.122055362,1.825807913,4.517398166,-0.900621379,-0.954142251,1.699206064,0.678931531,-0.121919833,-8.196792309,-8.460159926,-1.933782763,-5.467072691,0.051097956,-4.415531982,3.403581044,-9.6353226,26.76432372,-8.609395584,-26.50169859,-5.462340455,2.977613749,-16.92557306,-1.959030354,2.212576279,6.370285697,8.800627869,11.81913301,3.520473338,3.977832322,-3.059198992,2.821851346,-2.40272532,-3.850035169,-4.330936601,3.367272222,8.488317717,-2.469514189,-3.522062532,-3.672511722,-0.571130458,-0.653880423,0.280792491,-5.28E-13
38,PMB1768,PuertoViejo,-25.55623957,21.92649889,-3.134688003,13.25622111,0.095885323,-0.445986412,-0.089514721,0.457774623,0.350789953,1.284099393,0.313281419,0.454607238,-1.405172439,-0.608216102,5.322944552,-2.827928216,4.405684045,1.297606788,-0.515669022,1.437776995,-0.913150457,-1.999168237,0.821814131,-0.931117988,0.594421551,1.020600544,1.169004834,-0.397529841,0.743264089,-1.458103108,-1.304662844,-0.579739368,-0.802488349,0.003340286,0.20241128,-0.369484805,-0.132127919,0.412639909,1.718320046,1.353096998,-2.562834746,2.184598343,-0.814154734,3.485749343,-1.143457474,0.063463366,-1.314902119,0.093054778,-0.607782058,-11.80921276,-4.171108101,-2.378099435,-13.18600853,31.04152595,-6.263920109,17.42503088,11.81916011,-15.34525198,5.108013675,-9.411917943,2.634179456,18.30783823,7.59315095,-4.75282009,-2.915196877,-1.484801486,1.306250062,-8.081309563,3.34290534,-3.185291126,-6.170774148,-5.170871002,-3.415790866,0.225176194,5.433469713,4.3138545,2.961024805,1.864578271,1.270603299,1.402779162,-1.509508348,0.194846041,-0.026816335,-4.00E-13
39,PMB1772,Abreojos,-30.89853007,28.57464561,2.85171889,7.384185499,-1.411952388,-1.491024876,1.57095037,-0.598191755,-0.025279091,-4.481477355,0.822664948,-0.747281411,4.519895005,-6.17095485,-9.064273848,8.278833903,-5.810904832,-2.026322293,-0.490305235,1.402044774,-0.344110391,3.188948538,-0.461473517,2.248570648,-0.162649324,-1.822306873,1.189018229,0.398691863,0.280931603,1.082869846,0.877768699,1.146274305,-0.726645516,-1.403189615,-0.633332639,0.97498189,0.485384011,0.716274382,-0.996634557,-0.933040238,1.700672891,2.013436373,0.798092771,-1.028986625,-2.522413229,-0.907022669,2.017620611,-1.376116174,0.557084258,-13.41776748,8.977342978,5.841842605,8.220096662,-3.356214605,2.180773632,-2.182142336,1.512744849,6.256178229,0.813723283,0.474358989,-4.704227031,-9.350381915,-5.231654564,-0.735699229,8.333972353,0.2015093,-7.646042501,-16.4931587,-7.291719124,-1.767177078,-14.39357871,-0.535626243,-5.49929658,1.167872921,20.47750194,-4.108596151,22.14479343,1.402964823,13.11693734,-2.698885412,2.434365836,0.870839677,0.109393704,-2.15E-13
40,PMB1773,Abreojos,-24.32449335,24.48987889,1.722976335,6.562155063,0.351152827,-1.418379995,0.844245091,-0.880013891,-0.323250777,-4.027116983,0.443115717,-0.757381241,4.071436276,-5.823996445,-8.251949507,6.698868285,-6.202153955,-1.950201988,-0.533478463,1.15490078,0.033299058,2.675792436,-0.014805394,0.959585231,0.198225475,-1.673404548,-1.077220711,0.45514157,-0.025220173,0.831458047,1.337789804,-0.369986832,-0.191721486,0.682304073,-0.654775175,-0.848261795,-0.878356622,0.043715452,0.695165879,-0.082841583,0.321350779,1.627382596,1.861101857,2.715243281,-2.210984893,-2.422182018,-0.274369629,-0.209537546,1.135274719,-13.7056473,6.823818705,4.811531033,-1.639027149,3.540234061,7.768818221,0.701113312,2.655474917,-2.306386486,-2.731253547,-3.207793689,0.47323846,0.973326602,2.365187797,0.244662582,5.875353505,-3.437831965,6.070209451,14.57065586,-15.51577021,-5.478140664,-2.723749513,9.641138875,10.41020694,3.986900588,-10.79066388,-8.290635612,-12.21598196,24.36454677,10.97455619,-12.36089205,0.895673345,1.260964731,0.787895137,-4.45E-14
41,PMB1777,Abreojos,-24.16840982,25.42644476,2.631535374,6.691270585,-1.217245374,-1.66552361,2.055213179,-0.521926771,1.070999656,-4.088719925,1.002897772,0.497761936,2.634707647,-3.882582938,-6.604113473,5.22735879,-4.298678432,-1.256711649,-0.527522065,1.148642394,-0.84887918,1.79989221,-1.086837609,1.958853955,-0.67329815,-1.738522191,1.82849314,1.065868984,0.273549563,-0.019237652,-0.553653389,1.646212641,0.529818096,0.193999084,0.658953969,-0.180569897,0.034975326,-0.539945762,0.57213539,-0.63437878,0.323644108,0.188822022,2.012478085,-0.107812076,-2.883066802,0.831728045,0.687554049,-0.724445084,0.62506578,-12.48725242,8.40455742,9.986388052,0.790975462,6.953677925,-1.48972489,0.117857664,2.128595233,-2.079026249,9.582429717,1.423560026,7.064597182,-15.04515969,-12.94763021,-0.276156036,-0.092915655,-11.66164607,6.112714854,-16.8652069,9.374758885,1.835345357,4.583910855,4.886487614,-6.645147991,-8.178034384,-18.54258955,-5.730334481,-6.936128019,-12.43687306,-10.10720307,-12.13221465,-6.159573952,-0.15627509,0.406164828,-2.02E-13
42,PMB1778,Abreojos,-29.79654381,31.63462485,3.562399397,8.05482705,-1.153729022,-2.398898328,0.078823405,-0.136357401,1.115771826,-5.596728262,1.854326612,-0.73104314,4.256364256,-6.506142835,-7.033277187,7.236116393,-5.363267972,-2.862445312,-0.273797277,2.637054749,-0.709366058,2.179941703,-0.772788285,1.691359125,0.107679424,-1.86209134,-0.594920959,-0.212695823,-1.0309335,-1.000854606,2.124617751,0.311994931,-0.418162034,-0.08414602,-1.172180164,-0.261296283,-1.184793176,2.349984489,-1.162094311,-0.614686748,1.169708948,0.881077937,2.692455337,1.804068405,-3.015089378,-0.090705358,-0.644400639,-1.989059457,-0.508423204,-20.63080132,13.05606025,5.275769479,12.76808902,-3.866743972,-0.294532304,-0.290009999,1.696882016,-1.422598809,-8.525160633,3.710817311,2.782120685,7.570095617,15.50396358,8.089614344,-5.820273951,8.15277453,-2.122804358,14.30479855,-4.820349041,3.616548641,10.30873621,2.965526251,-16.5305034,-9.563141103,2.834650864,12.15523503,0.092493911,-5.97285949,-12.70402773,5.284037899,6.982790756,-0.22937609,-0.931591221,-5.20E-13
43,PMB1782,Abreojos,-29.14252541,31.95348104,2.271904046,6.833804321,-1.309541312,-2.092777415,-0.659038039,-0.375124743,0.691609754,-3.850693802,-0.957843324,0.179528387,2.36152142,-5.33800101,-7.581171352,6.522808777,-5.307869395,-3.260062577,0.084457395,1.081258012,0.921484189,1.832370583,0.122659396,1.559169847,-0.753713245,-1.537447681,0.102214844,-0.60970051,-0.872256054,0.678473889,1.185271106,0.680926332,0.856996029,0.94630938,-1.167970991,1.075640552,-0.364906918,0.30714265,-0.283151904,0.309502076,0.072107026,0.439461173,0.621705064,-1.471582723,-3.229902431,-0.171950894,1.608747668,-1.87487795,1.437895146,-11.30022766,12.87614957,4.025198227,8.103337009,-5.585780553,-1.040651986,0.967883829,-4.568396336,5.784987869,3.242421872,-0.953747105,-2.831696303,11.37811719,-2.038324176,-10.21340661,-0.542080368,-2.854585262,-10.62888185,1.75463328,20.10201958,1.119603919,0.250833452,-8.981998798,20.55737506,17.86741977,-4.627487608,-2.52738472,-3.857485424,-2.008312644,-1.67753607,17.15498791,-4.070938422,-1.487164657,1.313392124,-5.75E-13
44,PMB1792,LopezMateos,-23.82089641,28.87797879,3.095561755,4.156028975,-1.7676481,-1.555128678,0.232776351,-1.239334692,0.786493282,-4.649769017,-0.172027037,0.40497976,3.929375016,-4.744591241,-9.344044394,8.013969959,-7.384781073,-3.206391977,0.211486319,0.883650843,-1.76513548,2.271275943,-1.429007143,-0.612185903,-0.054840365,-1.925628215,0.127094912,-0.200776666,-0.317140741,0.347537232,0.675468021,-0.539801222,2.25136252,0.122556941,-2.507043167,-0.410646895,0.684308894,0.383195603,-2.308487375,-0.127068518,-0.777369802,-0.612908386,1.075397692,-1.687716402,6.86E-05,-0.391585345,0.05513308,2.388023949,-0.27563683,8.21906391,-8.51309803,0.908840576,-9.526848253,9.036403011,1.791895138,10.39682511,-0.209727879,-0.970964007,-15.51029152,3.461267391,-11.49810049,-9.020838587,-0.666477681,25.15859604,13.60462342,4.762556795,-1.330243604,-2.848993473,2.105807226,-18.9491599,9.444727405,-4.080131396,11.58972735,-3.052382829,-4.02203079,-1.642925392,4.265709159,-4.806769938,-4.161068045,7.902227628,3.400304117,-0.870037716,0.001613327,-3.24E-13
45,PMB1793,LopezMateos,-27.38081109,33.18640216,2.791057186,4.424716538,-1.500796281,-1.05666056,0.625371811,-2.038514098,0.19836964,-5.097771734,-0.203884686,-0.03539091,4.133479605,-5.86569461,-9.45259191,8.086531109,-7.643998287,-3.071504483,1.230833957,1.441826642,-1.7597378,3.428975638,-0.921151906,1.133928168,-0.446286076,-1.020912094,0.801802269,-0.268501055,-1.576534789,0.544512699,1.59665664,0.974474264,1.777016345,0.40936252,-0.337647362,0.18201638,-0.327316211,0.919277703,-0.771618516,-1.289605821,1.780849004,-1.605896645,-0.170431255,-3.327335304,-0.664332626,-1.121819789,0.068550457,-0.081550935,0.728603283,8.264312379,-6.09451733,-0.316052795,-3.858173316,-2.419059884,-1.620316923,-2.25756846,-9.049999065,0.612729685,12.5754946,-3.373682609,5.932319471,6.091024809,-1.69646645,-10.60966394,-3.789730954,2.653179305,5.602008003,-2.00019654,-19.14420042,2.635981122,12.97146789,-26.87427588,10.02368597,-3.566425521,3.818192815,-1.285548431,1.407968581,-5.195990271,-5.610290947,-11.12939396,11.57562013,0.38270893,1.128514589,-2.55E-13
46,PMB1802,LopezMateos,-24.47184521,32.08782681,2.672227054,4.05711203,-1.838554321,-2.636231964,0.452771698,-0.029210403,-1.413030297,-5.426370289,-1.013413086,0.038117752,4.416391733,-5.658406642,-9.686480784,8.138387347,-7.677612072,-3.425377113,-0.485058532,0.609595332,-1.159070513,2.284916554,-2.567427247,0.794514326,-0.398312428,-1.389769418,0.546816248,-0.756208539,0.229556315,1.018379651,2.624557619,1.377269424,0.545657386,-0.323636776,-1.579191471,0.195052518,1.21485394,-0.942407482,-1.340029709,-1.109226907,0.325821394,0.877081887,0.076990115,-2.295287011,0.962315924,1.794318696,1.054554323,0.264315907,-0.02623419,8.143384336,-10.83654882,-5.281296815,-0.926115439,6.594080791,-2.899160354,-3.558776465,4.800244242,-5.798877508,-5.837690668,6.359702209,-22.29176915,-6.193825117,-7.258331359,-18.52237013,-8.98774744,16.29880298,-12.37364295,3.486005844,9.319175465,1.273993938,2.333780542,8.834450106,-4.141637407,3.12265329,7.053174773,5.829839264,-10.24989893,0.680052014,-1.499540979,-14.36806101,-1.441116594,0.473106702,-0.745510002,-4.28E-13
47,PMB1803,LopezMateos,-18.93598387,28.68096496,1.146906927,2.918912377,-1.248137,-2.123907976,0.358509392,-1.211136889,-0.008120639,-4.398118989,0.551537331,-0.503273722,3.61833036,-5.662442053,-8.932321792,7.396597474,-6.226407435,-2.158192559,0.397955091,1.162814784,-1.418209738,2.549584062,0.067439868,0.289741019,-1.364649203,-1.21191653,0.303965275,-0.971410734,-0.776441074,0.978652787,0.750560648,0.95131787,0.362399709,0.57391652,-1.591709225,-1.246541413,-0.277019274,0.485744066,0.304267396,-2.004245139,-0.556809261,0.617346183,-0.116644641,-1.726036745,0.961852012,-1.698231752,-0.480347873,1.629840757,-1.038475699,5.158952079,-7.244013226,-3.571597946,-3.154177727,-1.529423215,1.942151502,2.673379104,-1.637083258,1.130082585,3.227579316,0.366683024,1.504354824,0.529410257,7.7068874,6.30255836,-5.055520365,-0.026219871,2.86577797,8.685793179,-1.612818086,12.70573568,5.483425278,-3.821423544,-3.19428249,-7.219147444,-0.608890425,-3.229866443,1.626132948,-9.97575975,22.34547427,3.602966376,-31.60633737,0.188662602,-0.261351583,-3.60E-13
48,PMB1808,Atanasia,-24.26014192,34.36557304,7.399643232,-15.8038832,-3.319011017,-1.42435986,0.272930549,-0.283659835,-0.735594347,-0.123722799,0.417183085,0.416915066,-1.893200538,3.564091329,1.315109801,-0.401330384,1.721383914,0.507876245,-0.140504993,0.352672509,0.233541884,-2.380781264,-0.363857308,0.350840039,-0.322082055,1.276967683,0.148954448,0.913774102,0.88896553,-1.580208684,-0.828342361,-0.925677482,-2.071944839,-1.297471233,1.577612827,0.424337369,-0.095945277,0.323450928,-0.485810423,-1.08725335,-2.297856282,1.376597171,1.707201541,3.528668637,0.501280832,-1.671108138,-0.412586364,-0.097774938,0.70406426,-3.608847229,-12.89007588,7.712744269,1.169203786,0.54522704,7.16462514,0.755024384,6.844363013,0.825905605,0.480918392,4.043076437,2.505307305,0.342017144,-3.317842019,-0.825923841,-4.297310238,12.3513839,6.939724506,-5.757813751,-22.73657621,2.146594979,-13.34022724,10.98637162,4.815953414,19.25010434,-6.823011167,5.252537254,-4.637795304,-18.44866763,-3.9570296,9.649833845,-1.608760874,1.60501698,0.154433915,-3.46E-13
49,PMB1809,Atanasia,-26.79347224,37.45863479,7.195791196,-16.81856468,-3.148988002,-0.56756441,0.5087125,0.059818293,0.707157825,-0.227185409,0.234941663,-0.709783812,-2.507518076,3.425372555,2.584803162,-1.29241253,1.945953159,0.907722615,0.221104447,0.487301355,0.578263124,-1.57929788,0.536208242,0.302420862,-0.269157848,-0.650794413,0.396175663,0.199106053,1.193766906,-1.050305899,-0.822483487,-0.756402959,-0.617215604,0.366663935,0.419385702,1.292735723,-0.116752123,-0.447548745,-1.301743769,-0.200592351,-2.339876059,1.335464255,1.214439467,1.901153526,-0.901076025,-0.419816551,0.831992096,0.954515365,-0.378946403,-2.716485451,-8.449204604,1.231121481,5.517261832,-5.471961576,1.267858035,0.714089888,4.783210912,3.954985397,-1.883785908,2.721800132,3.918666535,2.80704609,-5.865383273,-5.734253944,-0.774917834,-0.700408852,1.032737794,-12.3200548,5.6456924,-0.807713583,7.394217134,0.938595876,3.734139328,-16.64131623,-9.288296904,22.04544609,-5.545172978,5.4058871,23.67706435,7.71820865,13.91724659,-1.278095215,0.547636763,7.05E-15
50,PMB1813,Atanasia,-25.91005584,38.24902119,9.118183697,-16.84736211,-2.683599909,-0.92368047,-0.01462444,0.073228107,1.106180849,-0.830917296,0.598635284,-0.098749382,-2.249453127,2.082321125,1.265397959,-0.912936099,0.615250195,0.491684901,0.082167094,1.112537377,-0.390516205,-1.14561388,0.734536185,-0.438597905,-0.107679129,-0.257164846,0.416595908,0.277888994,1.936373933,-1.16172844,-1.581001497,-0.792922684,-0.759604243,-1.277384506,0.560555534,1.864216816,0.218162759,0.163143499,0.164467699,-0.015276828,-1.735064132,0.889230081,-1.126075257,1.363166386,-0.080751895,-2.643592723,0.406652367,-1.420615292,-1.206318595,-2.542959742,-13.93292506,2.187737291,5.059132536,-6.058740812,0.403794379,2.311993108,5.088741128,4.512449758,-3.266757418,-5.345907917,4.562595083,-6.308075921,-2.49690613,-10.13639674,2.644122832,-0.545249057,0.842944258,-7.922960704,-4.761523703,-7.74012946,7.498807107,-6.304906028,-11.03310344,-4.710535893,9.18741265,-9.165555282,-8.587677996,20.64039778,-15.29059793,15.77334896,-15.22513341,0.191099361,-0.651575495,6.76E-14
51,PMB1814,Atanasia,-23.77904626,37.6655679,7.855111152,-15.13609689,-3.065823527,-1.775185828,0.123671634,-0.59685315,1.087567597,0.282531096,0.583573548,-0.414277122,-1.124987242,3.151909855,0.306933272,0.949035738,2.531983905,-0.251848327,0.228216685,-0.300027511,-1.3235364,-2.440001045,0.902445079,0.779922439,-0.972341142,-0.117367229,-0.181467568,2.104259154,0.785166513,-0.990280759,-1.145298347,-0.494900993,-1.417285822,-0.721981568,0.496136397,-0.47696942,-0.085045723,0.62813664,0.222091305,-0.16133619,-1.945750296,2.724207925,0.814636306,1.348955996,-0.959078213,-0.994828197,0.585957139,0.132272926,2.446546944,-4.733926573,-14.67488964,6.090379348,3.407643539,-9.39311765,-0.273884486,-3.586767619,5.682152453,4.595469208,4.738266572,9.703077307,0.355554809,6.084547899,10.20172758,12.48906202,-1.110995255,-3.465339479,23.04749233,0.307464182,19.45611917,-0.155627407,-1.924592611,-0.179416686,6.641737717,8.223718432,13.3071116,4.56325414,3.53453768,4.292514613,-5.192930619,-17.30380478,-1.752049606,0.035464956,1.800286547,-1.01E-13
52,PMB1817,Atanasia,-23.14201369,38.66300835,7.363863541,-16.50034398,-2.84434301,-1.811884538,-0.326277144,-0.494070953,0.591641828,-0.444144254,0.515118153,-0.890607776,-2.275668241,2.458687962,2.001594464,-0.591448987,1.473751114,1.188123818,0.560524694,0.113210782,-0.42678904,-2.519248382,-0.384343933,0.660454966,-0.16812624,0.772291851,0.578884703,-0.274723006,1.07414986,-1.952420834,-1.24024675,-0.51506937,-0.957352457,-0.746043191,0.640657922,0.735020589,0.319813653,0.136915532,-1.017019508,-1.135746791,-1.87083887,1.294481413,1.469918778,3.248907111,-0.444122015,-1.715083183,-0.536228155,1.015327399,-0.525128815,0.985861078,-19.66358432,-0.575078896,3.573111867,-6.32344344,-1.182286866,12.91256089,3.953103175,3.572527447,3.501265668,1.073362317,0.709844956,0.783415627,13.52337591,-6.394979283,-3.035372409,-14.59117931,-21.66254728,9.648977395,1.288782562,-0.963086062,-2.26904897,5.946232283,-2.135588789,-3.107130847,-12.31647141,-15.96622772,13.80381764,-5.064027054,-1.675703002,-5.680026457,9.73122089,0.831618061,-0.037918132,-1.62E-13
53,PMB1818,Atanasia,-24.16925246,41.6360957,9.827665662,-23.8216989,-5.428605846,-3.435421131,-0.661708138,-1.711840229,1.392079844,-0.023544386,0.711380163,-1.234533431,-4.589222259,6.538257403,3.280542667,-2.293665576,2.404655136,0.992159116,-2.515850844,3.201868875,0.123777501,-6.146297744,2.32126173,0.457038394,1.152323211,3.171889469,0.995636715,1.516641907,4.09175803,-4.339670611,-1.480176032,-1.581687843,-2.005693252,2.406848969,3.355938981,6.494645869,0.213116552,1.716244926,-7.948207596,-1.901019967,-12.16179864,2.575123408,8.193176262,17.51394574,-8.172663379,-2.776966022,8.718817016,7.441064538,-1.39940696,11.82014403,21.15698744,-5.968095574,-2.945541651,4.511416993,-1.080999044,-1.518609167,-3.434267192,-2.649083601,1.543743843,-2.356396232,-4.367256291,-0.438879799,-1.058345023,2.192827999,-0.109773966,1.493937233,-1.134258146,2.057701547,-0.771695112,0.999396052,0.950838389,-0.068487738,-2.557871603,-0.797161239,1.764914996,-1.210790224,0.838643307,-0.177817786,-0.769203142,-0.931297271,-1.320361264,4.325560388,23.01011668,-2.95E-14
54,PMB1819,Atanasia,-22.76419208,41.45323297,9.783268224,-21.90098743,-5.017087669,-2.880810383,-0.50128193,-1.437846872,1.567045731,-0.443224934,0.477541432,-1.084819403,-3.220494111,5.813914979,3.061930789,-1.541177832,2.153510358,0.864964877,-1.5594986,2.324127818,0.486007529,-5.888071179,1.929723509,0.975767493,0.453117548,2.171689481,1.007679563,1.895140912,3.365814039,-3.547867225,-0.685813755,-2.156444717,-1.874363169,1.9496075,2.423600967,5.069927592,0.244809335,1.251350706,-6.361188512,-1.195277397,-10.35827449,2.555931596,6.247562005,14.40070009,-7.243623892,-1.70050696,6.646361229,5.604432123,-1.184788166,8.624063057,17.29418561,-4.462164516,-1.83520811,4.124489302,-1.143426103,-2.320548832,-3.577074006,-1.809634874,2.443029594,-1.540395483,-2.494298409,0.754124189,-1.442322001,1.225835098,1.138658809,-0.142314718,0.931335579,1.946706183,-0.556854917,0.569970067,0.482765799,-0.242173801,1.833901937,0.051212982,1.963369054,-1.345589286,1.134907934,-0.544172814,-0.279780828,-2.554035777,-0.896633389,-6.052324207,-27.09162638,-3.23E-13
55,PMB1899,NapaMarsh,37.929601,-9.484488318,3.458344121,3.064270043,-9.391139589,-22.50704681,0.34364501,6.968755245,-3.896086484,-8.020584574,-22.77844577,-10.26314446,1.44269234,3.312528841,6.77338018,-5.909449791,-0.749766904,7.646309921,8.100844868,1.673255955,8.609990433,8.304083546,-5.129546646,9.637108348,12.15333609,3.590214242,-6.017659118,-17.25028843,10.40976,3.205741956,-6.862342138,-4.608659917,-11.48971346,21.23075138,-22.39914666,15.21652336,10.12657208,-13.03318291,-23.03551839,2.981574628,6.85972913,-5.161645307,-8.852604668,-7.133474842,-3.814572254,-1.870688348,0.410984267,0.180548612,-0.214429715,-1.786243581,-0.863486644,0.637578527,0.298469795,1.28722968,-0.26864475,-0.365238902,-0.4646751,0.072220051,0.053500074,1.076506527,1.309943629,-0.816860702,0.327771496,0.714404343,-1.176577316,-0.706124063,1.385634779,0.596574427,-0.63368726,0.016903354,-0.46887514,-0.204030911,-0.046322653,0.376128022,-0.019158915,0.111167369,0.355615099,0.073034639,-0.241106649,-0.383566063,-0.354727418,0.103647364,0.063675996,-7.00E-13
56,PMB1900,NapaMarsh,38.41088783,-8.677792227,3.750204612,0.625306085,-9.86980746,-20.03614888,0.429187988,10.88317023,-2.894567062,-0.203992046,1.016811368,8.962407787,17.8520207,15.59585723,44.66948354,29.30632582,-17.8284706,-3.699991764,-8.242700123,-12.29079035,5.106964284,13.77279906,5.61144562,4.422523045,-4.776510937,-4.201492805,0.827973187,9.35903351,3.536424462,-0.445973629,1.649692888,4.292139271,1.638229517,-8.26422402,1.2841185,-3.013958335,-5.130661663,3.599816432,3.93209265,-1.402301612,3.717187909,0.524530348,2.064545202,1.027484461,0.403918229,3.799067614,-2.236569505,-0.912140829,-4.633587404,1.64066985,1.405337171,-0.578287729,0.082204728,-1.227474708,0.295766979,0.722821263,0.297403798,-1.964258185,-0.310824826,-0.44941383,0.123620305,0.127072549,0.042796624,0.099476927,0.05692045,0.090021417,0.05878712,-0.303965399,0.161464198,0.067397937,-0.40114759,-0.792723634,0.322779792,0.019814315,-0.302407368,-0.531575525,-0.073717367,0.272262865,0.174162028,0.042371696,-0.154482034,0.194842645,0.193008142,-3.52E-13
57,PMB1901,NapaMarsh,39.59584045,-8.496686859,2.544614069,-0.904741816,-15.00773344,-34.17668919,-3.075258379,13.37239507,-4.626084075,-5.710504335,-34.81410514,-25.24123342,-2.452496119,-7.867093535,-11.93376455,-18.98350833,1.87823872,9.987222552,0.778834645,-4.509276405,-2.31885999,1.378404038,2.90405786,-7.54781963,-4.913898479,1.164257176,-3.342145834,13.44346986,-7.697373684,0.356341821,3.262073381,0.678465896,4.294888762,-17.59005524,10.85791492,-11.32770882,-9.022199176,4.347432492,13.4216231,3.371812926,0.636858834,0.736847759,2.21195168,0.895974456,0.158405584,2.360378749,1.04059007,1.556984817,-5.293195132,1.423321336,1.7133688,0.671062024,-0.027198534,-0.346170578,-0.42274822,-0.009460736,-0.321101335,-0.821546265,-0.43529582,-0.2950924,0.393650177,-0.205177906,0.546476312,0.009057894,0.804163534,0.235008349,-0.425354498,-0.547163606,-0.047789002,-0.191926885,0.020968395,-0.263501126,0.106545396,-0.262319433,0.230360424,0.099990612,-0.069637429,-0.140754496,0.047784181,0.039265954,0.353814485,-0.125162303,0.066118812,-3.86E-13
58,PMB1902,NapaMarsh,34.02649328,-2.295889828,1.498366309,-0.304879326,-5.857429464,-5.908938743,-0.0924793,2.912328263,-1.11775371,-0.127288726,1.70247418,-0.648812323,-2.480980519,2.417722774,-0.227488186,0.16493997,-0.740423652,-2.964578587,-2.67952104,2.496166231,1.793893132,0.262726237,-5.884683357,1.506389587,1.080418932,2.147507478,-0.11686892,-0.028041291,-0.380617767,1.56694354,0.932102828,-5.149797204,2.273659563,-3.271022605,-0.877945076,0.366722776,3.573197908,4.34080414,4.173061571,4.75897427,0.578821667,3.35362932,-2.788672401,7.174410688,6.140565102,8.603546238,-6.890132446,-1.873869928,57.68763963,2.402690368,2.060743103,-3.638970044,0.398527183,0.346213371,0.200561667,0.395216549,0.991491394,0.005540503,-1.53427134,0.080986904,2.17840037,-0.269415118,-0.629175238,-0.336988661,0.435961281,0.431751296,-0.752693017,0.221465077,-0.239122564,0.046656882,0.294485295,-0.465620795,-0.952983882,-1.180038874,-0.177539828,-0.438941653,0.667810095,-0.036808996,0.149285348,0.578350794,-0.545885591,-0.028623457,0.017783956,-3.74E-13
59,PMB1903,SFBNWR,42.7147841,-8.548197727,2.944974941,1.40509744,-9.075232246,-13.14488833,3.390877309,1.075628404,9.243097959,-3.849657874,6.390090397,7.778085052,-1.066700972,-0.582765573,3.627741321,3.953108764,7.327427555,-6.644577312,-2.930738009,25.67935945,-12.36879181,-30.31951518,23.97376289,22.33180623,4.811465134,-2.959744696,-4.107299813,4.486353898,-16.27067415,21.06278881,-1.148351468,0.598814331,6.229324329,7.391118337,6.21737835,9.108188638,-14.34266301,-3.365321932,0.497299632,9.766454618,5.874536472,-5.291959598,-2.648069484,-8.669889203,2.500520464,-2.068661155,-0.85521154,0.497942995,-1.269278829,-0.273854529,-0.559562695,-1.188702805,-1.214023423,0.238961047,0.368245164,-0.254544626,-0.784917764,-0.024691135,-0.074788247,0.393009128,-0.13171863,-0.784141312,-1.031377714,0.552253436,0.302841416,0.889939119,-0.956131042,0.511495307,-0.305793034,0.544499116,-0.192517587,0.583466723,-0.554005976,0.405567154,-0.453699284,-0.026743413,0.327482609,0.645816314,0.141670178,-0.111879262,0.309373323,-0.035489103,0.111014297,-2.62E-13
60,PMB1904,SFBNWR,40.82996705,-5.065584836,2.681505302,-1.89440297,-7.313268766,-9.841049813,-1.964151416,-3.049176083,4.580529562,5.069332268,1.731480115,2.93215558,-6.043083868,2.022685661,1.42687551,-1.187306233,3.115634084,-16.55482141,-7.526184283,7.036184074,5.071683208,-9.446071654,-1.96117797,-4.394557369,-5.06401555,-0.349943017,32.83727552,-16.93214807,-14.65596891,-18.28641764,14.13179667,-1.484637688,-6.217602812,-2.131668426,-25.94936305,-20.46202048,-0.932399988,-18.86241836,8.890839302,4.858065359,-5.230529548,4.214285866,5.950532607,-6.825646757,-1.946153947,1.267682003,0.982832798,-1.657430571,-2.71227899,0.595936258,2.428644339,-0.982082194,-0.783632146,-1.475400717,-0.346770558,-0.247021147,0.228315345,0.326455251,0.398752036,-0.376297857,0.056475125,-0.980188064,0.626801458,0.162722255,0.693182807,0.631736151,0.483775634,-0.152310215,-0.64402738,0.103800023,-1.08337151,-0.505935196,-0.327542087,-0.281172548,0.215057891,-1.001546422,-0.877351146,0.266226043,0.111746954,-0.076466086,0.93252194,0.175458631,0.187251988,-4.23E-13
61,PMB1905,SFBNWR,43.11018346,-6.002022425,1.346519663,1.760566768,-12.70115993,-26.3773126,1.959884174,-8.869178978,29.89685516,-7.427244793,24.3573604,35.17558986,-16.73942303,-8.510741463,-8.465319944,-10.90606377,3.989048992,20.20297507,11.84219284,-19.01821265,1.147915305,13.77289167,0.173704438,-1.475306595,2.165870866,-8.142525298,0.096012556,-1.569450695,2.227792747,-2.111213366,-1.406150932,1.140338887,3.679277614,-1.917007137,4.441647087,-1.968064833,0.487539086,-2.824704909,-2.820022677,1.394790293,3.711333664,0.60490782,-0.487483913,0.673343829,1.365477291,1.809020445,0.404944703,-1.269312375,-2.157174446,1.506790138,1.240439561,-1.321751887,0.327513375,-0.143214674,0.048920478,-0.606419555,0.55251779,-0.421001986,0.225281314,0.694797804,-0.443360691,0.541056807,0.332368176,-0.011656486,0.489409679,0.662150244,0.004671872,0.368885494,-0.241246569,0.210645117,-1.134832075,-0.078472488,0.238267871,0.000484523,0.154827759,-0.058313703,-0.30904069,0.368203428,0.1218923,0.055790074,0.395778642,-0.008483871,-0.01409369,-2.91E-13
62,PMB1906,SFBNWR,37.04805157,0.626263668,-0.216282297,-0.479361026,-6.310076788,-8.622073717,2.819749966,-5.951300978,3.0789252,-0.293285892,2.585412627,2.062457597,-2.537659078,2.987513699,-3.710689807,3.188243192,8.047657802,-8.713224449,-4.122243374,9.099131415,-11.07389885,-10.01278678,-1.51998286,-1.841975432,0.47696951,2.405996648,1.711922105,-0.594800276,14.03371727,-15.82042959,1.152864771,-1.590268622,-32.4125445,-2.23251541,3.340300979,5.626168944,14.98595869,30.16072897,13.78765155,-16.40643649,18.77150923,-3.78557536,-12.63223792,-7.671048744,5.195028406,6.152998097,3.223393598,3.224046379,-4.667013595,1.585008548,2.330453683,0.496019168,-0.191873564,0.308870437,-1.232650667,-1.913718037,-1.005299676,-1.46194533,-1.165541948,-1.068212283,-0.322235975,0.579653729,-0.371060105,0.700684771,0.855647369,-0.566478737,-0.396316518,0.453969126,0.301352093,-0.463846274,-0.606750229,-0.287183166,0.488724179,-0.047319442,-1.348151251,-0.185417795,-0.64124863,0.405928811,0.579430054,0.007065571,0.380788943,0.025752486,0.02722315,-5.45E-13
63,PMB1908,MadRiver,43.90784709,-1.23405584,1.771587798,0.565304343,-9.793401577,1.434944863,-2.338117845,-2.032193118,-5.125324242,7.211412574,4.506769005,-4.856810234,1.644972794,-4.358461498,2.798700914,-3.384913219,-0.096695969,-1.645181914,-7.340727161,-5.892853286,-8.699950255,-6.784747667,-4.668244649,-12.38074864,-12.45107986,-5.976430363,19.9975319,-12.2113902,17.19613017,31.32946144,-3.763683721,-31.22348825,21.51429766,-4.209706776,1.416546801,3.368346342,15.52708525,3.730337018,0.084865662,-4.562470405,9.912390305,-1.363965988,5.513649016,0.36231442,-3.72005299,-1.499462285,-3.764029104,6.422446552,-5.484239637,-1.008193901,1.000055516,0.379813681,1.627246865,-0.291015098,-0.625870802,-0.48540383,0.475412038,0.740609962,0.063114407,-0.686842839,0.278797909,0.53902037,0.548114318,-0.620185126,0.781019988,0.063197802,0.368727014,0.661284935,-0.111413639,-0.450461493,0.016759665,-0.188046135,-0.335427676,0.644118909,0.153954789,0.400748898,-0.659961003,-0.928552711,0.076306957,-0.687600341,-0.050103262,0.351655023,0.055640798,-1.69E-13
64,PMB1909,MadRiver,45.522316,-1.342998148,2.525721175,0.953537001,-9.754497921,1.628736072,1.060342117,1.073764401,-3.662299911,4.838168553,4.031564511,-3.851727111,-7.936976387,-2.985671698,0.173532633,-2.183436223,-6.851210285,1.209561628,-9.847795516,4.896728352,-8.361288504,-0.090293372,6.691862018,-12.34737885,-13.10376823,19.54026858,-2.190087731,-23.56582401,12.86301184,0.406438318,-20.25679728,42.77830171,14.10085106,10.19862032,-0.763920827,-3.774406062,-2.225736629,5.789863588,3.440343319,4.08973402,4.538728761,3.831768639,3.268736988,4.50374675,4.160398141,-1.612883763,-1.876021566,-3.098701568,-0.632892149,0.266601834,0.863382716,1.868828243,0.00441807,-0.549981092,0.312987497,-0.396694727,0.321911149,0.448024941,-1.795850911,0.701430024,-0.098189894,0.35224799,-0.357859518,-0.1879217,0.537000438,0.138562189,0.002789648,0.167111519,-0.239426863,0.137490511,0.23884384,-0.169174073,0.358056551,0.335334437,0.239478403,0.270537983,0.276558571,0.097124823,-0.06303635,-0.522973752,0.509081222,-0.195135019,-0.449320744,-1.19E-13
65,PMB1910,MadRiver,46.26745606,-0.757776011,4.057555471,0.198760709,-17.19679622,7.653630826,-3.006779327,-2.173634568,-22.64497349,39.68648784,17.84858929,-18.38106163,-21.89960678,-5.923090722,-4.521495206,15.23165181,-6.859550849,25.89915906,7.860222707,7.346707079,-0.188068194,13.0673254,7.483182541,10.36487578,4.64945187,-8.956227014,-2.771531133,-0.80452102,-9.751890884,-2.315609573,5.186042883,-2.912636738,-8.131240676,-2.935412141,-2.628868911,0.87255858,-1.795101038,1.174726842,0.346883351,1.920637228,4.15180673,1.362448072,2.479679466,-0.548844476,-4.462832254,1.584287749,-3.116745449,3.585671574,-2.13156399,0.612709562,0.117613723,0.178183216,-1.470410885,0.503596966,-0.265206805,-0.836134554,0.082604284,-0.457286157,-0.69769179,0.128434338,-0.056321329,0.060706686,-0.308963683,0.156315152,0.086109528,-0.096378357,-0.467419474,-0.193867387,0.666465628,0.655139532,0.050539452,-0.207351133,-0.049356294,0.112056304,0.149320948,-0.153812731,-0.63574193,-0.07264954,-0.714031725,0.277488872,0.238039199,0.123838609,-0.118758267,1.04E-13
66,PMB1911,MadRiver,43.55323321,3.172877187,2.170407657,1.362566828,-12.54017838,5.291193825,-0.734818743,1.434848948,-10.01288213,7.18092695,15.94179417,-7.903998231,-4.5685354,-5.793775461,-0.533830984,-21.99037669,-9.398141983,-41.02242022,2.309693,-28.32210099,-18.84299457,0.125117948,-5.49202128,13.59934682,8.998388377,-1.49740033,-13.61487425,8.406725346,7.984475581,-4.932209869,-3.282109172,0.206957357,-2.369779299,-4.447092468,-5.854910766,1.074464412,-10.91683448,-8.395159423,-2.712836225,3.515923498,1.372462155,-3.869028672,-2.237408837,1.256383418,-0.805942814,-2.477908902,-1.202051689,3.883603722,-2.114746033,-0.008596074,0.475250167,-0.379956951,0.924616749,0.489173923,0.238165517,0.065739346,-0.238360648,-0.872411378,0.235865062,-0.199501909,0.786923988,0.127917405,-0.621427797,0.176969453,-0.264763277,0.151561935,0.055573594,-0.063589151,0.327259549,0.480398441,-0.576454909,-0.183306386,-0.229692846,-0.196955691,0.236810097,-0.632790108,0.074868771,-0.068178251,0.376829618,0.449714095,0.33292615,0.030440452,-0.027655823,-5.66E-16
67,PMB1912,MadRiver,42.41391016,4.913034388,1.65254109,0.429045821,-6.901781384,2.449444964,-0.186469334,0.299477956,-3.087692409,4.351573097,3.98877024,-4.933612925,1.85952112,-1.73180669,-0.674357019,-0.184363299,-2.237805897,-1.399782029,2.175665452,-2.397430569,2.106547878,-3.031167641,-7.463320788,2.023382661,-1.973463272,2.575905142,1.729857953,3.155748422,-6.300025853,8.552616073,2.451664205,-2.85896258,0.861879127,3.295072564,3.190978881,-0.004085177,6.242343637,1.414399588,-2.776347255,-6.461369242,-7.51223248,-1.237132817,-8.754686696,7.465359734,10.99417926,1.762366651,25.60539216,-50.08389158,-3.960530024,2.15449899,0.460944342,-3.861415281,-1.39710977,0.168766249,0.673025253,0.500218755,-0.529235945,-0.036114715,-1.557459368,-0.625992711,-0.192355363,0.694598542,1.017018358,1.713071833,-0.341364025,-1.578264083,1.041105557,-0.730569915,-0.028619833,0.520615797,-0.750560947,0.264109233,-0.259516601,-0.468746534,-0.824670198,-0.475804276,-0.676817798,-0.436994629,0.390784014,-0.152907725,0.921667782,0.237241173,0.099168707,1.99E-13
68,PMB1913,Upland,49.48446303,0.850773169,3.003181932,-0.073185056,-13.77469348,16.43908927,-1.305202769,-0.674973853,4.740610547,-1.692687644,-6.204591989,6.625770331,3.396959908,-2.44782095,4.867702022,-2.548784218,-3.16892549,-17.76989349,18.85339424,18.3817576,13.06558427,11.017168,17.59873044,-21.8464922,29.30923601,1.168511998,-1.854198895,-1.516650773,-9.191965625,-3.537199933,-20.72162409,-3.103283998,4.139647151,-22.07044934,5.832977203,0.355656573,14.32619707,-1.036189507,-2.827174573,1.134808941,1.232701999,1.181268803,4.412735058,-3.712414526,-1.533385862,-1.066355136,0.77819164,-1.463842426,-1.407551031,0.599920698,0.596613506,-0.324713113,0.987443886,0.173623036,-0.025809015,-0.733959838,0.521028097,-0.45776359,0.421304411,-0.203631773,-0.436048058,0.304220544,-0.425370874,-0.05436551,-0.217965479,-0.192987305,0.522398514,0.82266017,0.434600176,0.30349134,-0.200301139,0.69377702,-0.253505034,0.181496148,-0.407862817,-0.007483766,0.283787995,-0.291267016,0.307804303,-0.599182163,0.003258359,-0.022997661,-0.128665354,9.37E-15
69,PMB1914,Upland,44.61005343,6.125504311,1.219552825,1.821166417,-11.57251429,2.119245575,-0.170523331,-3.827704853,-1.973402434,2.347007535,3.048256623,-2.446956458,3.41014968,-0.750069753,2.52043604,1.68798858,-0.336291351,1.164803244,1.536786781,-3.213618126,6.127709806,-6.648662907,-1.12564754,-4.099723219,-4.890414738,-2.221245819,-4.49739268,-4.454774856,-1.283903231,1.30493155,10.61311861,7.270285374,7.311125835,-1.21840821,9.244128182,-4.319106485,11.58216246,1.447880732,-6.373932091,-5.861744414,-40.12718079,-13.3937864,-30.80005184,-14.55022752,10.99959174,1.268691753,-3.42067253,16.59587473,-1.043985216,-4.387524947,2.569067074,0.488664296,2.172488985,-0.72319002,-0.367351699,-0.638770966,0.407378678,-0.067386889,-1.039508361,-0.641165445,-0.413646086,-0.101142911,0.496281255,-0.032865734,0.176347452,-0.298615185,0.225620578,-0.025284532,-0.943380133,0.435617506,-0.796720401,-0.077764309,0.074525768,-0.185097829,-0.634095759,-0.224807843,0.24792795,0.252485621,-0.660887809,-1.016482289,0.567634693,-0.156736302,0.230886506,3.33E-13
70,PMB1915,Upland,48.20553098,4.837973079,2.5538785,0.354346093,-15.3900439,20.89529172,-0.305452466,-3.503833637,3.234777117,-14.59022348,16.7320633,-14.94770842,46.81794718,17.21306895,-7.107663746,-18.15935484,2.907090855,24.09644834,4.957500267,-4.047621914,-3.608627598,-2.292924255,8.058910028,7.682209549,4.803363385,-7.778895858,8.360147291,-1.386127015,2.449881162,-5.783681672,2.090531297,4.934760608,-1.508672759,-0.166158593,-5.875740905,-4.244466171,-2.945269373,-0.231149668,4.578617069,3.560658089,5.554832024,2.398303162,0.828690836,2.134289237,1.507255559,1.253950546,-0.449915159,1.569406604,0.668739509,1.609588628,0.786544851,0.317819744,-0.333627916,0.036934588,-0.63816585,-0.851177263,0.189218518,-0.501904798,-1.082632195,-0.967295432,-0.198877213,0.563682341,0.245514923,-0.386541545,-0.004840365,0.3106016,-0.316231964,-0.172783963,0.524839478,0.592927048,-0.219174472,-0.136830507,0.690266155,0.390214048,-0.080766027,-0.502818213,-0.167195689,-0.035963822,-0.288194121,0.69162064,0.10934327,-0.114879352,0.320146446,6.05E-14
71,PMB1916,Upland,52.98378427,2.371461825,2.541516235,1.040436951,-21.74455453,41.92585673,-18.83970043,5.808733455,1.262988788,-19.33386349,-32.3039229,20.044973,-18.94030433,-9.641869382,5.730263963,7.117542985,1.283795802,10.67544913,-8.843438154,-9.932055237,-7.669728746,-2.528041857,-4.530529613,18.44170509,-1.203339272,-4.296832977,4.606850335,0.410960121,0.42911516,-4.309105749,1.300806388,0.100260344,-0.035651328,-0.995944023,-1.055739425,-1.435051483,-1.23448567,2.58274194,2.742352794,1.953275189,1.483387181,0.650349366,-0.194784535,0.397396878,-0.168171947,0.180823117,0.684587625,0.637477767,-0.419209213,-0.033645148,0.702676512,-0.433780788,-0.292653024,-0.28170487,-0.40141539,-0.331620745,-0.579062693,0.084001057,0.059016035,-0.058909059,-0.183523578,-0.101785722,0.178009283,0.55382007,0.247320069,-0.34303011,0.219618378,0.623196637,-0.455090302,-0.414251541,-0.27350243,0.089619954,-0.715177657,0.217910697,0.025378907,0.29261523,-0.099891895,0.08902133,0.291567915,-0.204159512,-0.208730159,-0.083890425,0.155801355,2.32E-13
72,PMB1917,Upland,51.41835399,4.814776725,2.017112912,1.312636246,-12.7098999,9.490391394,-1.252382105,0.134338211,5.710504078,-3.363070488,7.993518681,2.11434102,1.964467441,2.197181023,2.681977626,-3.917894722,-4.249265726,-3.167657282,13.37257046,6.364253766,21.05930746,-4.995261137,-19.94152662,-10.74989369,-32.15061239,10.24363584,-19.73064011,11.61733189,-18.71221114,-2.833355797,-11.5220548,-13.99464651,-1.195442529,12.94326523,-13.38925905,2.841615743,-8.81363815,13.57988268,3.343434035,7.819604073,2.808458942,-2.44572109,5.267455359,-3.763384177,-2.085869802,0.215309736,-3.48634817,4.70696837,-4.44705745,0.199773759,0.959084917,-0.05926305,0.659237885,0.378974356,0.021981329,0.29906094,-0.017564334,0.307127867,0.532280385,-0.439535202,-0.97267979,-0.875379431,-0.224560504,-0.981480104,-0.088792551,0.124966168,-0.147277332,-0.431153402,-0.055899456,-0.69676928,-0.836937312,-0.271206128,-0.607430113,0.084520193,0.018243045,0.476376381,0.547350973,0.361845965,0.010690629,-0.985288289,-0.598599912,0.225541978,0.201948686,5.26E-14
73,PMB1918,Upland,50.78377951,6.758024142,1.938141302,0.893356497,-10.17232373,10.22822602,-5.797308251,-0.781429043,2.589169991,0.009374792,0.002181375,2.545468089,0.807170149,-0.580515606,2.545547982,-1.682648156,-2.300601348,-1.789595282,-3.148371108,6.824202796,4.65411522,-0.11150956,-3.071093432,-28.61316332,3.492796318,8.937300719,-8.522924015,2.884370826,8.453997569,6.33574583,37.44069665,3.400661854,-8.970468222,10.73010362,18.49104761,8.144552001,-15.20175548,-22.59370807,-4.118271713,-10.9483298,13.69998897,7.69204164,0.324139515,-0.395558589,-0.448679721,-0.543352463,-3.551512326,0.59603469,1.146850591,0.490995489,0.370537024,0.830202986,-0.151942174,-0.117384134,-0.475779575,1.810479717,0.758137756,0.216411725,0.32407916,0.593262756,1.251644515,-0.256739441,-0.756070436,0.734415808,-0.33713303,-0.445368646,0.006860809,0.0755697,0.5775221,-0.083879994,-0.270368005,0.013900635,0.540458388,-0.529453121,0.58838383,0.099496189,0.679855807,0.047593671,-0.524620257,0.199119823,-0.300457287,0.341666385,-0.074791275,1.63E-13
74,PMB1919,Upland,51.36522692,8.354128346,3.698553543,-2.227612067,11.45762754,2.773807916,6.411546944,-0.394189092,-0.324486368,2.797695837,-4.207007957,0.7310883,3.908108101,1.316829364,-6.559571939,7.42761935,28.58646529,-10.33468518,-6.69965846,-1.313979977,10.77059735,14.29546384,6.060969284,-0.966365061,-2.414310166,-12.39071043,-13.99183869,-19.53408582,11.61116775,-6.459033142,20.37436734,-2.165564067,8.920622524,-8.212177905,-2.998725383,12.88100904,-8.612932362,14.39726408,3.895839625,26.4580701,-2.150697175,-15.47992653,7.997142051,2.104299203,1.975777813,-2.436490936,4.479075167,-5.137373369,-2.738853556,0.177495034,-1.221748086,-0.789068454,-0.716261099,-0.005542719,0.855320711,0.326585523,-1.393107036,-1.075495279,0.21979514,0.556284434,-0.129366297,-0.489448684,-0.327302821,0.024022806,-0.423794115,-1.127194381,0.022442636,-0.58481759,-0.175378489,0.082241304,-0.018976317,0.155992603,-0.783410143,0.755346576,-0.168160264,0.311598442,0.383100822,-0.413361675,0.222826683,-0.781702076,-0.402935331,-0.28215038,0.048858208,5.99E-14
75,PMB1920,Upland,49.73574285,10.86425801,3.046031827,-1.560034039,11.91110965,2.408877626,4.942051967,1.401653019,3.70314873,2.539704876,-1.912396447,-0.852062846,1.361507636,-1.440309754,-5.424182078,2.557077381,19.03320474,-3.225447147,-10.82349482,-2.888482468,10.40277495,6.447964416,14.74868429,9.649336122,-4.188707701,0.314742035,-18.35645278,1.71296791,-6.024309737,-3.784282859,-4.744932271,-2.826772865,17.36280318,3.377031004,-13.41007773,-0.081672889,7.271170835,-15.21281342,18.00586261,-33.49481587,5.505509946,5.842159708,-13.86541337,13.52123508,-11.55523216,7.37143803,-6.42400613,0.302109935,-2.238690696,0.291167776,0.325885813,-0.14367761,-0.621594677,-0.368749154,-1.042254348,0.8424587,-0.965238547,0.778354619,-0.703117214,0.00841162,-0.977738376,-0.899331103,-0.76356127,-0.177433691,0.123135341,1.12825553,0.167569299,0.274958718,-0.276483534,-0.028357328,0.030331062,-0.595620265,0.10039967,-0.385728471,0.360193072,-0.18045282,0.029874268,-0.700958396,-0.33256217,0.055807735,0.566665175,-0.212662633,0.192353772,1.04E-13
76,PMB1921,Upland,53.51703543,10.18343293,2.702900342,-3.196756307,21.66926781,12.86487633,40.27665594,-2.934281464,38.04587302,19.01956363,-18.35630862,-9.593506632,-0.06544207,-4.847732157,8.045455724,-3.274461996,-24.74532488,7.375221432,6.338547714,-3.040025113,-11.86717406,-4.924387968,-3.722068524,2.17395348,-0.838311858,-0.200147954,0.680277623,-3.802356384,-1.474422921,-3.105102269,4.406537398,-0.78164513,0.697716319,-5.801208849,-3.559258051,9.108234376,-2.388733008,-0.287027849,2.81645069,-2.090331314,-1.553130793,-2.29748101,2.627261567,-1.873820659,1.225784403,0.041907552,0.960917449,0.968260586,1.757049807,-0.016624188,0.695036908,0.500161142,-0.713338812,0.051004506,-0.036358622,-0.087046715,1.120833598,0.211641399,0.178040352,0.041236575,-0.071316444,0.619348258,-0.213213978,0.191632616,0.213160979,-0.063668958,-0.347069743,0.799217716,0.143162826,0.414267871,-0.964587805,0.112607354,-0.392704589,0.331389196,0.540478779,0.511777265,-0.495025901,-0.354506012,-0.094619547,0.268538532,0.091661043,0.079426137,0.047071017,1.44E-13
77,PMB1922,Upland,54.77003482,10.36927459,4.034951153,-2.720438779,20.81456666,0.820712151,36.37386456,4.677616053,-47.10074808,-23.30781273,3.552540708,22.77581445,-8.679240139,3.316738534,0.394195522,-13.32610909,-12.80990724,8.868133341,3.370565815,3.053624005,-2.62883466,-3.33795969,5.215799478,-5.853517157,-1.007864755,-2.151835512,1.031171348,-1.15884496,-3.569386792,-1.200147895,3.903438904,-3.365839008,-1.019049465,-1.982562271,-2.155578344,0.579280811,-0.808078611,-0.258603649,3.146872607,0.176191925,-0.795224977,0.063275334,-1.052700501,-0.372313689,-0.963271573,2.179016637,0.686655235,-0.097997412,-1.411438566,0.323958014,1.205260938,0.231678389,0.568088132,-0.128728895,-0.818413528,-0.001991957,0.181912462,-0.022540769,0.012808997,-0.389644254,-0.027025457,-0.041463175,1.020181237,0.709984033,0.575228728,0.032798822,0.096379745,0.248407557,0.779618318,0.382491019,-0.646606844,-0.94454476,0.098966541,0.047490949,0.124744465,-0.027750824,0.083982284,0.006976492,-0.126144121,0.110322808,0.437001465,-0.07457032,0.02338645,6.71E-14
78,PMB1923,Upland,51.68756683,13.08049668,1.753623239,-9.51E-05,7.70052919,0.819631418,6.322005088,1.679078649,-2.673731508,1.380433509,-0.155751918,-3.097501223,-1.681578858,0.842607325,-3.111401874,-0.179702617,15.95912534,-2.663058132,0.015793925,-0.23560522,6.037826782,6.833244397,-0.984305103,14.31119797,1.153858071,10.0234491,3.466791572,13.22802528,4.849732422,1.69099341,-0.096140431,2.600007317,3.417432117,4.995056078,1.595867804,-4.15579202,5.577151683,-0.738548231,-12.83522816,-15.41716463,-4.490611559,5.696716133,34.73630911,-16.1507106,33.1028903,11.41266825,-1.407963499,5.576468984,-2.030842706,-1.424830612,1.80020351,0.523393209,1.811517585,1.058821089,0.48177996,-0.284972105,0.059870936,-0.203550521,0.176267216,-1.306238405,0.557287689,1.871138236,-0.174974612,-0.020105798,0.850662471,0.380426881,-0.795381356,0.264386517,-0.214186913,-1.068807324,-0.169156176,-1.137250064,0.35427846,-0.517028875,0.045672262,-0.484608454,0.016315949,1.050817105,-0.591190031,-0.238807175,-0.912846118,-0.123679133,-0.042074246,-3.13E-15
79,PMB1924,Upland,54.80183892,12.3814118,4.651921928,-0.500960902,9.890772897,5.316696316,10.36047188,4.811616488,-0.283706861,3.590870429,1.947064416,-2.660749363,-1.100357942,-0.360711489,-8.086611421,7.169721472,18.01348218,-2.530815017,-5.923551956,-5.34944717,12.32513005,11.49576998,-12.36358077,-2.71331035,0.034473683,3.923601334,31.63909179,24.51480592,-0.533324275,13.8682152,-16.09869171,15.17884145,-9.852623314,-3.145645363,2.164568533,19.02133977,-7.769400588,-8.54102204,4.534926367,10.71944112,2.060943735,0.182658889,-16.32474646,-1.460408722,-4.940186473,-4.919515253,3.633607967,6.502659618,-0.413783357,0.189231667,0.428356797,-1.611467736,-0.033674291,-0.428707282,0.571986917,-0.335320437,-0.841426662,-1.725054783,-1.244581555,-0.738551768,0.61039988,-0.145653091,0.908004531,0.834155409,-0.981000091,0.723912486,-0.336479726,1.658626963,-0.123845242,-0.327708863,0.176131346,0.228628158,0.464804182,-0.278577913,-0.081148405,0.187592085,-0.228868744,-0.49593856,-0.175072851,0.32797819,0.606955362,-0.315596002,0.05134031,3.21E-13
80,PMB1925,Upland,53.96534239,14.17515806,0.901216202,-2.406331241,12.29896774,5.943238692,13.54354127,0.43380405,6.147766864,4.551073495,-2.100918527,-1.091726017,-0.481587464,3.581094291,-3.160315551,4.492044991,5.702678911,-3.781667731,-5.039450578,1.066076109,6.659098568,1.071712568,0.581218448,7.14085694,2.513379626,4.256506429,-7.016112094,5.455397664,8.528546607,7.642876094,-0.723707159,-4.702284431,-6.528732464,10.21258241,13.35936167,-47.7971049,6.700581316,4.522687909,-17.10189919,15.35029197,9.474425334,5.186065581,-9.185056666,1.154495967,-14.01227559,-2.799192599,-0.754303822,0.281405839,-0.825514128,2.259634224,0.717997054,0.520834567,-0.377739328,-0.223724325,0.446396875,0.238735371,0.042754569,-0.267237185,-0.546527011,-0.860266021,-0.374732917,-0.33568767,0.409491217,-1.174424757,0.315376911,-0.199227981,-0.754989571,-0.264659307,0.012819306,0.314269665,0.084139873,-0.026922642,0.17862993,-0.587649885,0.715351626,0.151911971,-0.445856127,-0.761748471,-0.382680043,0.602621161,-0.129150143,0.177063398,0.170365899,4.69E-13
81,PMB1926,Upland,56.12956056,14.74429607,2.807782144,-3.171461231,27.39101496,-1.117006495,-22.03167139,0.506820336,0.015232773,0.963532727,-0.610559789,0.717944063,3.39455641,-4.092258512,0.573493123,4.53595332,0.992348681,5.22381485,-0.214637213,-5.68788171,-5.878625253,-0.003422353,1.348246009,-13.25423483,13.71543392,-3.179418369,2.654606047,-15.24196683,-2.807969494,6.24148144,-16.08682473,-11.24167925,-7.536607702,1.800854835,-6.498029571,-8.605497548,-39.90829306,12.71840254,-7.316718103,-15.39725784,-7.57614301,0.250480139,-5.32681396,-2.584352743,3.774948388,7.706373181,4.308817313,2.035513718,2.206429061,-0.260213826,0.479932582,0.781246637,-0.227276973,0.005426855,0.262464721,-0.428860567,-1.350895333,0.627086984,-0.49945959,0.202400499,0.116007005,0.716137636,-1.028250173,-0.501263904,0.344474493,0.033860894,-0.365931787,-1.130840867,0.302573663,0.1185415,-0.85025056,0.426316579,-0.51815466,-0.123052642,-0.128960632,-0.167278891,-0.129760526,0.074152185,-0.545813839,-0.677541606,0.267541193,0.011268567,-0.069047403,2.74E-13
82,PMB1927,Upland,58.35442957,14.8062369,3.889938721,-1.414135865,36.99975151,-2.551485474,-39.28674555,-2.177512852,1.564995793,2.247540737,2.68107478,3.064645058,-1.647857036,-4.896562408,2.838482717,-15.58046656,-20.70905437,0.257342256,12.3636669,18.6892341,9.37818934,0.25296077,5.969882158,13.26571391,-12.88146381,-2.604730912,2.859811944,11.0737599,20.44442852,-1.134818175,6.303528628,5.832457679,2.696349982,-7.511970808,-2.323262967,1.87689488,8.751532061,-5.068496127,5.307273382,6.701116569,1.733944691,-2.977142475,-2.741865287,-0.110890053,-1.563253,3.643901372,5.633299784,1.440519086,-0.610021831,0.550227411,-0.431327373,-0.134670258,-0.453543038,-0.268065696,0.047542568,0.027091548,0.636358794,-0.232287169,-0.170155814,0.207458518,0.205611087,0.160530544,0.058506807,0.596765327,-0.345958614,-0.683066879,0.56428468,-0.154342239,-0.384652842,0.174706132,-0.243288032,0.468325091,-0.157318258,0.280195885,0.131357031,0.553781638,0.388177868,-0.410313161,0.054532867,0.0379022,0.408861047,-0.002218464,0.115276564,-6.47E-14
83,PMB1928,Upland,53.44964428,19.7480044,3.031156599,-2.011502204,24.2710676,-4.572755758,-17.72301298,-0.228955848,-3.288714562,-0.728812058,2.796801502,-3.73745521,5.220104157,2.197280179,3.05257103,9.293242546,4.224407023,4.124704305,-5.194360051,-17.34004242,-17.50078288,-10.15353093,-13.59080389,-10.55554458,8.807266067,0.586644562,-8.405211399,-4.408331054,-32.26974848,-5.744952667,1.633458241,6.952186058,5.174002375,4.197074077,8.213152206,6.57748346,24.44380919,-4.757524883,-3.859277776,13.22230105,12.15267265,1.346386125,3.412494315,1.695666787,0.055663171,10.27744339,8.955473387,9.120388507,-2.390014593,-1.013014065,0.452223855,-0.562015603,0.983524941,-0.151623156,-0.001924459,0.63671507,0.829706245,0.725800406,0.466893023,-0.573577915,1.105520264,-0.515617925,0.308551777,-0.081898073,0.103453886,0.453920063,0.645670856,-0.420638939,-0.352333009,0.129802904,-0.168220699,-0.489184823,-0.610124704,0.736289455,-0.569077934,-0.022619811,0.122435979,0.75303868,0.382105358,0.349045611,-0.4224061,0.055364697,-0.078459305,3.67E-13
84,PMB1929,Upland,51.59658861,21.28410099,1.128204639,-1.068484621,14.45076053,-5.035697797,-9.953631003,0.495601395,-1.130993219,-1.548198784,0.669956779,-2.251173078,1.781374727,-0.702766213,1.899636489,-0.764254858,2.601097352,2.63601485,-0.887952425,-5.962663335,-2.805588507,-2.78600598,-2.449964281,1.05080707,3.328593806,-1.555725463,1.167544205,-0.667966283,-4.78173303,-4.90373545,-2.232574208,-0.792378675,-6.402404881,4.225036454,7.951127408,4.362527004,6.591327552,4.392158297,4.786334121,-3.614717536,-9.271220823,3.526609906,7.499545274,-6.866209877,-3.061725299,-36.81615486,-37.77122954,-18.53654966,-0.144064319,2.736987716,4.204224848,-2.525223208,-1.513728328,-0.428218832,-1.480858004,-1.719383912,-0.446645215,-0.907786676,-0.32685951,0.144172503,-0.403023565,-1.585345603,-1.661039452,0.659787644,-0.210508451,1.034825035,-0.958017273,0.019506861,1.483570927,-0.422101491,-0.973862417,-0.46266517,0.307919752,-0.4370305,0.072371907,0.749430131,0.252560693,-0.257352988,0.030555289,-0.65604117,0.389931083,0.315323941,0.035030803,3.07E-13